date,instrument,direction,outcome,R_result,iso_week,sample
2011-03-10,EURUSD,short,W,1,2011-W10,in_sample
2011-03-15,XAUUSD,short,W,1,2011-W11,in_sample
2011-03-15,XAUUSD,short,W,1,2011-W11,in_sample
2011-03-22,XAUUSD,short,L,-1,2011-W12,in_sample
2011-03-24,EURUSD,short,L,-1,2011-W12,in_sample
2011-03-25,EURUSD,short,W,1,2011-W12,in_sample
2011-03-25,EURUSD,short,W,1,2011-W12,in_sample
2011-03-25,EURUSD,short,W,1,2011-W12,in_sample
2011-03-30,EURUSD,short,L,-1,2011-W13,in_sample
2011-03-31,XAUUSD,long,W,1,2011-W13,in_sample
2011-04-05,EURUSD,long,AMBIG,,2011-W14,in_sample
2011-04-05,XAUUSD,long,L,-1,2011-W14,in_sample
2011-04-05,XAUUSD,long,W,1,2011-W14,in_sample
2011-04-12,XAUUSD,long,L,-1,2011-W15,in_sample
2011-04-29,XAUUSD,long,BE,0,2011-W17,in_sample
2011-05-04,EURUSD,short,W,1,2011-W18,in_sample
2011-05-04,XAUUSD,long,L,-1,2011-W18,in_sample
2011-05-10,XAUUSD,short,L,-1,2011-W19,in_sample
2011-05-11,EURUSD,short,L,-1,2011-W19,in_sample
2011-05-12,EURUSD,short,W,1,2011-W19,in_sample
2011-05-17,EURUSD,short,L,-1,2011-W20,in_sample
2011-05-17,XAUUSD,short,L,-1,2011-W20,in_sample
2011-05-17,XAUUSD,short,L,-1,2011-W20,in_sample
2011-05-17,XAUUSD,short,L,-1,2011-W20,in_sample
2011-05-19,XAUUSD,short,L,-1,2011-W20,in_sample
2011-05-24,XAUUSD,long,BE,0,2011-W21,in_sample
2011-05-25,EURUSD,short,W,1,2011-W21,in_sample
2011-05-27,XAUUSD,long,W,1,2011-W21,in_sample
2011-05-27,XAUUSD,long,W,1,2011-W21,in_sample
2011-05-27,XAUUSD,long,W,1,2011-W21,in_sample
2011-06-09,EURUSD,long,L,-1,2011-W23,in_sample
2011-06-16,XAUUSD,short,L,-1,2011-W24,in_sample
2011-06-24,EURUSD,short,W,1,2011-W25,in_sample
2011-06-27,EURUSD,short,L,-1,2011-W26,in_sample
2011-07-08,XAUUSD,long,AMBIG,,2011-W27,in_sample
2011-07-14,EURUSD,short,L,-1,2011-W28,in_sample
2011-07-18,EURUSD,short,W,1,2011-W29,in_sample
2011-07-28,XAUUSD,long,L,-1,2011-W30,in_sample
2011-07-28,XAUUSD,long,L,-1,2011-W30,in_sample
2011-08-03,EURUSD,short,L,-1,2011-W31,in_sample
2011-08-03,EURUSD,short,BE,0,2011-W31,in_sample
2011-08-12,EURUSD,short,L,-1,2011-W32,in_sample
2011-08-15,XAUUSD,long,L,-1,2011-W33,in_sample
2011-08-17,XAUUSD,long,W,1,2011-W33,in_sample
2011-08-24,EURUSD,short,L,-1,2011-W34,in_sample
2011-08-24,EURUSD,short,L,-1,2011-W34,in_sample
2011-08-25,EURUSD,short,L,-1,2011-W34,in_sample
2011-08-25,EURUSD,short,L,-1,2011-W34,in_sample
2011-08-31,ES1!,long,BE,0,2011-W35,in_sample
2011-08-31,EURUSD,short,W,1,2011-W35,in_sample
2011-09-02,XAUUSD,long,W,1,2011-W35,in_sample
2011-09-09,ES1!,short,W,1,2011-W36,in_sample
2011-09-09,NK2251!,short,W,1,2011-W36,in_sample
2011-09-09,Z1!,short,W,1,2011-W36,in_sample
2011-09-12,ES1!,short,W,1,2011-W37,in_sample
2011-09-12,XAUUSD,short,BE,0,2011-W37,in_sample
2011-09-13,XAUUSD,short,BE,0,2011-W37,in_sample
2011-09-14,EURUSD,short,W,1,2011-W37,in_sample
2011-09-15,XAUUSD,short,W,1,2011-W37,in_sample
2011-09-15,Z1!,short,L,-1,2011-W37,in_sample
2011-09-20,XAUUSD,short,L,-1,2011-W38,in_sample
2011-09-21,EURUSD,short,L,-1,2011-W38,in_sample
2011-09-21,NK2251!,short,W,1,2011-W38,in_sample
2011-09-21,XAUUSD,short,W,1,2011-W38,in_sample
2011-09-22,XAUUSD,short,BE,0,2011-W38,in_sample
2011-09-23,EURUSD,short,W,1,2011-W38,in_sample
2011-09-26,EURUSD,short,BE,0,2011-W39,in_sample
2011-09-28,NK2251!,short,W,1,2011-W39,in_sample
2011-09-28,XAUUSD,short,W,1,2011-W39,in_sample
2011-09-28,Z1!,short,W,1,2011-W39,in_sample
2011-09-29,EURUSD,long,W,1,2011-W39,in_sample
2011-09-29,Z1!,short,W,1,2011-W39,in_sample
2011-09-30,EURUSD,long,L,-1,2011-W39,in_sample
2011-09-30,XAUUSD,short,L,-1,2011-W39,in_sample
2011-10-04,Z1!,short,BE,0,2011-W40,in_sample
2011-10-04,Z1!,short,W,1,2011-W40,in_sample
2011-10-05,EURUSD,short,L,-1,2011-W40,in_sample
2011-10-06,EURUSD,short,L,-1,2011-W40,in_sample
2011-10-07,NK2251!,short,L,-1,2011-W40,in_sample
2011-10-07,XAUUSD,short,W,1,2011-W40,in_sample
2011-10-09,EURUSD,short,L,-1,2011-W40,in_sample
2011-10-11,XAUUSD,long,W,1,2011-W41,in_sample
2011-10-12,EURUSD,long,W,1,2011-W41,in_sample
2011-10-12,XAUUSD,long,W,1,2011-W41,in_sample
2011-10-12,XAUUSD,long,W,1,2011-W41,in_sample
2011-10-12,Z1!,long,BE,0,2011-W41,in_sample
2011-10-14,ES1!,long,W,1,2011-W41,in_sample
2011-10-14,EURUSD,long,W,1,2011-W41,in_sample
2011-10-14,EURUSD,long,W,1,2011-W41,in_sample
2011-10-19,FDAX1!,short,W,1,2011-W42,in_sample
2011-10-19,Z1!,short,W,1,2011-W42,in_sample
2011-10-20,EURUSD,short,W,1,2011-W42,in_sample
2011-10-20,FDAX1!,short,BE,0,2011-W42,in_sample
2011-10-21,ES1!,long,BE,0,2011-W42,in_sample
2011-10-24,XAUUSD,short,L,-1,2011-W43,in_sample
2011-10-26,EURUSD,long,BE,0,2011-W43,in_sample
2011-10-26,EURUSD,long,BE,0,2011-W43,in_sample
2011-10-26,FDAX1!,long,L,-1,2011-W43,in_sample
2011-10-26,NK2251!,short,L,-1,2011-W43,in_sample
2011-10-26,NQ1!,long,W,1,2011-W43,in_sample
2011-10-27,ES1!,long,W,1,2011-W43,in_sample
2011-10-27,NQ1!,long,W,1,2011-W43,in_sample
2011-10-31,NK2251!,long,W,1,2011-W44,in_sample
2011-11-02,NQ1!,short,BE,0,2011-W44,in_sample
2011-11-03,EURUSD,short,L,-1,2011-W44,in_sample
2011-11-03,XAUUSD,short,L,-1,2011-W44,in_sample
2011-11-04,FDAX1!,short,W,1,2011-W44,in_sample
2011-11-06,XAUUSD,long,W,1,2011-W44,in_sample
2011-11-07,Z1!,short,L,-1,2011-W45,in_sample
2011-11-08,EURUSD,long,W,1,2011-W45,in_sample
2011-11-08,EURUSD,long,L,-1,2011-W45,in_sample
2011-11-08,NK2251!,short,W,1,2011-W45,in_sample
2011-11-09,FDAX1!,short,BE,0,2011-W45,in_sample
2011-11-09,XAUUSD,long,L,-1,2011-W45,in_sample
2011-11-10,XAUUSD,long,L,-1,2011-W45,in_sample
2011-11-11,XAUUSD,short,L,-1,2011-W45,in_sample
2011-11-15,ES1!,short,L,-1,2011-W46,in_sample
2011-11-15,EURUSD,short,W,1,2011-W46,in_sample
2011-11-15,EURUSD,short,W,1,2011-W46,in_sample
2011-11-15,FDAX1!,short,L,-1,2011-W46,in_sample
2011-11-15,NQ1!,long,W,1,2011-W46,in_sample
2011-11-15,XAUUSD,short,W,1,2011-W46,in_sample
2011-11-16,ES1!,short,W,1,2011-W46,in_sample
2011-11-16,FDAX1!,short,W,1,2011-W46,in_sample
2011-11-16,XAUUSD,short,W,1,2011-W46,in_sample
2011-11-16,XAUUSD,short,W,1,2011-W46,in_sample
2011-11-16,XAUUSD,short,W,1,2011-W46,in_sample
2011-11-17,ES1!,short,W,1,2011-W46,in_sample
2011-11-17,FDAX1!,short,W,1,2011-W46,in_sample
2011-11-17,FDAX1!,short,W,1,2011-W46,in_sample
2011-11-17,XAUUSD,short,W,1,2011-W46,in_sample
2011-11-17,Z1!,short,W,1,2011-W46,in_sample
2011-11-17,Z1!,short,W,1,2011-W46,in_sample
2011-11-17,Z1!,short,W,1,2011-W46,in_sample
2011-11-18,Z1!,short,L,-1,2011-W46,in_sample
2011-11-21,FDAX1!,short,W,1,2011-W47,in_sample
2011-11-21,XAUUSD,short,W,1,2011-W47,in_sample
2011-11-21,Z1!,short,W,1,2011-W47,in_sample
2011-11-23,EURUSD,short,W,1,2011-W47,in_sample
2011-11-23,XAUUSD,short,L,-1,2011-W47,in_sample
2011-11-24,XAUUSD,short,W,1,2011-W47,in_sample
2011-11-25,XAUUSD,short,L,-1,2011-W47,in_sample
2011-11-28,FDAX1!,short,L,-1,2011-W48,in_sample
2011-11-29,EURUSD,short,L,-1,2011-W48,in_sample
2011-11-29,XAUUSD,short,L,-1,2011-W48,in_sample
2011-11-30,FDAX1!,short,W,1,2011-W48,in_sample
2011-12-02,EURUSD,long,L,-1,2011-W48,in_sample
2011-12-05,NQ1!,long,W,1,2011-W49,in_sample
2011-12-05,NQ1!,long,W,1,2011-W49,in_sample
2011-12-06,NK2251!,long,W,1,2011-W49,in_sample
2011-12-07,NQ1!,long,L,-1,2011-W49,in_sample
2011-12-09,XAUUSD,short,L,-1,2011-W49,in_sample
2011-12-12,EURUSD,short,W,1,2011-W50,in_sample
2011-12-12,EURUSD,short,W,1,2011-W50,in_sample
2011-12-12,XAUUSD,short,W,1,2011-W50,in_sample
2011-12-13,ES1!,short,W,1,2011-W50,in_sample
2011-12-13,NK2251!,short,BE,0,2011-W50,in_sample
2011-12-13,NQ1!,short,W,1,2011-W50,in_sample
2011-12-13,NQ1!,short,BE,0,2011-W50,in_sample
2011-12-13,Z1!,short,W,1,2011-W50,in_sample
2011-12-14,Z1!,short,W,1,2011-W50,in_sample
2011-12-19,ES1!,short,W,1,2011-W51,in_sample
2011-12-19,ES1!,short,BE,0,2011-W51,in_sample
2011-12-19,FDAX1!,short,W,1,2011-W51,in_sample
2011-12-19,NQ1!,short,BE,0,2011-W51,in_sample
2011-12-20,XAUUSD,long,W,1,2011-W51,in_sample
2011-12-22,ES1!,long,W,1,2011-W51,in_sample
2011-12-22,EURUSD,long,W,1,2011-W51,in_sample
2011-12-22,EURUSD,long,L,-1,2011-W51,in_sample
2011-12-22,NQ1!,long,W,1,2011-W51,in_sample
2011-12-22,NQ1!,long,W,1,2011-W51,in_sample
2011-12-22,XAUUSD,long,L,-1,2011-W51,in_sample
2011-12-22,Z1!,long,BE,0,2011-W51,in_sample
2011-12-23,EURUSD,short,W,1,2011-W51,in_sample
2011-12-23,NQ1!,long,L,-1,2011-W51,in_sample
2011-12-23,NQ1!,long,W,1,2011-W51,in_sample
2011-12-28,EURUSD,short,W,1,2011-W52,in_sample
2011-12-28,EURUSD,short,W,1,2011-W52,in_sample
2011-12-29,FDAX1!,long,W,1,2011-W52,in_sample
2011-12-29,NQ1!,long,W,1,2011-W52,in_sample
2011-12-30,NQ1!,long,L,-1,2011-W52,in_sample
2012-01-02,EURUSD,short,L,-1,2012-W01,in_sample
2012-01-03,NQ1!,long,W,1,2012-W01,in_sample
2012-01-06,ES1!,long,BE,0,2012-W01,in_sample
2012-01-06,FDAX1!,long,L,-1,2012-W01,in_sample
2012-01-09,ES1!,long,W,1,2012-W02,in_sample
2012-01-10,ES1!,long,W,1,2012-W02,in_sample
2012-01-10,NK2251!,long,L,-1,2012-W02,in_sample
2012-01-10,XAUUSD,short,L,-1,2012-W02,in_sample
2012-01-12,ES1!,long,W,1,2012-W02,in_sample
2012-01-12,FDAX1!,long,W,1,2012-W02,in_sample
2012-01-12,NK2251!,long,L,-1,2012-W02,in_sample
2012-01-12,Z1!,long,L,-1,2012-W02,in_sample
2012-01-13,XAUUSD,short,L,-1,2012-W02,in_sample
2012-01-18,ES1!,long,L,-1,2012-W03,in_sample
2012-01-18,NQ1!,long,BE,0,2012-W03,in_sample
2012-01-19,XAUUSD,long,W,1,2012-W03,in_sample
2012-01-19,XAUUSD,long,BE,0,2012-W03,in_sample
2012-01-20,XAUUSD,long,L,-1,2012-W03,in_sample
2012-01-20,Z1!,long,BE,0,2012-W03,in_sample
2012-01-24,NQ1!,long,W,1,2012-W04,in_sample
2012-01-25,ES1!,short,W,1,2012-W04,in_sample
2012-01-25,FDAX1!,short,L,-1,2012-W04,in_sample
2012-01-26,NQ1!,long,BE,0,2012-W04,in_sample
2012-01-27,EURUSD,long,W,1,2012-W04,in_sample
2012-01-27,EURUSD,long,BE,0,2012-W04,in_sample
2012-01-27,NQ1!,long,W,1,2012-W04,in_sample
2012-01-27,NQ1!,long,L,-1,2012-W04,in_sample
2012-01-31,NK2251!,short,L,-1,2012-W05,in_sample
2012-02-01,NQ1!,long,W,1,2012-W05,in_sample
2012-02-01,XAUUSD,long,W,1,2012-W05,in_sample
2012-02-02,NK2251!,short,L,-1,2012-W05,in_sample
2012-02-03,ES1!,long,W,1,2012-W05,in_sample
2012-02-03,EURUSD,long,L,-1,2012-W05,in_sample
2012-02-09,ES1!,long,BE,0,2012-W06,in_sample
2012-02-09,XAUUSD,long,W,1,2012-W06,in_sample
2012-02-12,NQ1!,long,W,1,2012-W06,in_sample
2012-02-14,ES1!,short,L,-1,2012-W07,in_sample
2012-02-17,ES1!,short,L,-1,2012-W07,in_sample
2012-02-17,Z1!,long,L,-1,2012-W07,in_sample
2012-02-21,XAUUSD,short,L,-1,2012-W08,in_sample
2012-02-22,NK2251!,long,BE,0,2012-W08,in_sample
2012-02-22,NK2251!,long,W,1,2012-W08,in_sample
2012-02-23,ES1!,long,L,-1,2012-W08,in_sample
2012-02-23,FDAX1!,long,L,-1,2012-W08,in_sample
2012-02-23,NQ1!,short,BE,0,2012-W08,in_sample
2012-02-23,Z1!,long,L,-1,2012-W08,in_sample
2012-02-24,Z1!,long,BE,0,2012-W08,in_sample
2012-02-28,EURUSD,long,L,-1,2012-W09,in_sample
2012-02-28,FDAX1!,short,W,1,2012-W09,in_sample
2012-02-28,XAUUSD,long,BE,0,2012-W09,in_sample
2012-02-29,Z1!,short,W,1,2012-W09,in_sample
2012-03-01,ES1!,long,W,1,2012-W09,in_sample
2012-03-01,NQ1!,long,W,1,2012-W09,in_sample
2012-03-05,XAUUSD,long,L,-1,2012-W10,in_sample
2012-03-06,EURUSD,short,W,1,2012-W10,in_sample
2012-03-06,XAUUSD,short,W,1,2012-W10,in_sample
2012-03-12,ES1!,short,L,-1,2012-W11,in_sample
2012-03-12,ES1!,short,L,-1,2012-W11,in_sample
2012-03-13,NK2251!,long,W,1,2012-W11,in_sample
2012-03-15,ES1!,long,BE,0,2012-W11,in_sample
2012-03-16,XAUUSD,short,W,1,2012-W11,in_sample
2012-03-16,Z1!,long,W,1,2012-W11,in_sample
2012-03-19,NQ1!,long,BE,0,2012-W12,in_sample
2012-03-21,EURUSD,long,W,1,2012-W12,in_sample
2012-03-21,XAUUSD,long,L,-1,2012-W12,in_sample
2012-03-21,XAUUSD,long,L,-1,2012-W12,in_sample
2012-03-22,ES1!,short,W,1,2012-W12,in_sample
2012-03-22,ES1!,short,W,1,2012-W12,in_sample
2012-03-22,XAUUSD,long,L,-1,2012-W12,in_sample
2012-03-28,ES1!,long,L,-1,2012-W13,in_sample
2012-03-28,EURUSD,long,W,1,2012-W13,in_sample
2012-04-02,EURUSD,long,L,-1,2012-W14,in_sample
2012-04-02,EURUSD,long,L,-1,2012-W14,in_sample
2012-04-02,NQ1!,short,W,1,2012-W14,in_sample
2012-04-03,EURUSD,long,W,1,2012-W14,in_sample
2012-04-08,EURUSD,short,W,1,2012-W14,in_sample
2012-04-10,ES1!,short,L,-1,2012-W15,in_sample
2012-04-10,XAUUSD,short,W,1,2012-W15,in_sample
2012-04-10,Z1!,short,W,1,2012-W15,in_sample
2012-04-11,EURUSD,long,W,1,2012-W15,in_sample
2012-04-11,EURUSD,long,BE,0,2012-W15,in_sample
2012-04-12,XAUUSD,short,L,-1,2012-W15,in_sample
2012-04-17,Z1!,long,W,1,2012-W16,in_sample
2012-04-18,XAUUSD,short,W,1,2012-W16,in_sample
2012-04-19,XAUUSD,short,L,-1,2012-W16,in_sample
2012-04-23,ES1!,short,W,1,2012-W17,in_sample
2012-04-24,EURUSD,long,W,1,2012-W17,in_sample
2012-04-24,EURUSD,long,W,1,2012-W17,in_sample
2012-04-25,EURUSD,long,W,1,2012-W17,in_sample
2012-04-25,FDAX1!,short,L,-1,2012-W17,in_sample
2012-04-25,XAUUSD,short,L,-1,2012-W17,in_sample
2012-04-25,XAUUSD,short,W,1,2012-W17,in_sample
2012-05-01,ES1!,long,W,1,2012-W18,in_sample
2012-05-03,Z1!,long,L,-1,2012-W18,in_sample
2012-05-04,EURUSD,short,W,1,2012-W18,in_sample
2012-05-09,FDAX1!,short,L,-1,2012-W19,in_sample
2012-05-11,XAUUSD,short,W,1,2012-W19,in_sample
2012-05-13,ES1!,short,BE,0,2012-W19,in_sample
2012-05-15,ES1!,short,W,1,2012-W20,in_sample
2012-05-15,FDAX1!,short,BE,0,2012-W20,in_sample
2012-05-15,FDAX1!,short,BE,0,2012-W20,in_sample
2012-05-18,XAUUSD,short,L,-1,2012-W20,in_sample
2012-05-21,EURUSD,short,W,1,2012-W21,in_sample
2012-05-22,EURUSD,short,W,1,2012-W21,in_sample
2012-05-22,XAUUSD,short,W,1,2012-W21,in_sample
2012-05-22,XAUUSD,short,W,1,2012-W21,in_sample
2012-05-23,FDAX1!,short,L,-1,2012-W21,in_sample
2012-05-23,XAUUSD,short,W,1,2012-W21,in_sample
2012-05-24,ES1!,long,BE,0,2012-W21,in_sample
2012-05-24,ES1!,long,BE,0,2012-W21,in_sample
2012-05-24,FDAX1!,short,L,-1,2012-W21,in_sample
2012-05-24,NQ1!,short,L,-1,2012-W21,in_sample
2012-05-25,ES1!,long,BE,0,2012-W21,in_sample
2012-05-25,EURUSD,short,L,-1,2012-W21,in_sample
2012-05-25,EURUSD,short,BE,0,2012-W21,in_sample
2012-05-28,NK2251!,short,L,-1,2012-W22,in_sample
2012-05-28,NK2251!,short,L,-1,2012-W22,in_sample
2012-05-29,ES1!,long,BE,0,2012-W22,in_sample
2012-05-29,Z1!,long,W,1,2012-W22,in_sample
2012-05-31,FDAX1!,short,BE,0,2012-W22,in_sample
2012-05-31,FDAX1!,short,BE,0,2012-W22,in_sample
2012-06-01,ES1!,short,W,1,2012-W22,in_sample
2012-06-01,XAUUSD,short,L,-1,2012-W22,in_sample
2012-06-01,Z1!,short,W,1,2012-W22,in_sample
2012-06-05,XAUUSD,long,L,-1,2012-W23,in_sample
2012-06-06,XAUUSD,long,W,1,2012-W23,in_sample
2012-06-08,ES1!,long,W,1,2012-W23,in_sample
2012-06-11,XAUUSD,short,L,-1,2012-W24,in_sample
2012-06-12,NK2251!,long,W,1,2012-W24,in_sample
2012-06-14,FDAX1!,short,L,-1,2012-W24,in_sample
2012-06-14,NK2251!,long,W,1,2012-W24,in_sample
2012-06-17,NK2251!,long,BE,0,2012-W24,in_sample
2012-06-18,XAUUSD,short,W,1,2012-W25,in_sample
2012-06-19,EURUSD,long,L,-1,2012-W25,in_sample
2012-06-19,Z1!,long,W,1,2012-W25,in_sample
2012-06-19,Z1!,long,W,1,2012-W25,in_sample
2012-06-20,EURUSD,long,L,-1,2012-W25,in_sample
2012-06-20,XAUUSD,short,W,1,2012-W25,in_sample
2012-06-21,XAUUSD,short,W,1,2012-W25,in_sample
2012-06-22,XAUUSD,short,L,-1,2012-W25,in_sample
2012-06-25,ES1!,short,W,1,2012-W26,in_sample
2012-06-25,EURUSD,short,W,1,2012-W26,in_sample
2012-06-25,EURUSD,short,W,1,2012-W26,in_sample
2012-06-25,NQ1!,short,W,1,2012-W26,in_sample
2012-06-27,EURUSD,short,W,1,2012-W26,in_sample
2012-06-27,XAUUSD,short,L,-1,2012-W26,in_sample
2012-06-27,Z1!,short,L,-1,2012-W26,in_sample
2012-06-28,ES1!,short,W,1,2012-W26,in_sample
2012-06-28,NQ1!,short,W,1,2012-W26,in_sample
2012-06-28,XAUUSD,short,BE,0,2012-W26,in_sample
2012-07-02,XAUUSD,short,L,-1,2012-W27,in_sample
2012-07-03,ES1!,long,W,1,2012-W27,in_sample
2012-07-03,EURUSD,long,L,-1,2012-W27,in_sample
2012-07-05,XAUUSD,long,L,-1,2012-W27,in_sample
2012-07-05,XAUUSD,long,L,-1,2012-W27,in_sample
2012-07-10,NQ1!,short,L,-1,2012-W28,in_sample
2012-07-11,FDAX1!,long,L,-1,2012-W28,in_sample
2012-07-11,XAUUSD,short,W,1,2012-W28,in_sample
2012-07-11,Z1!,short,L,-1,2012-W28,in_sample
2012-07-11,Z1!,short,L,-1,2012-W28,in_sample
2012-07-12,FDAX1!,long,W,1,2012-W28,in_sample
2012-07-12,Z1!,short,BE,0,2012-W28,in_sample
2012-07-13,FDAX1!,long,W,1,2012-W28,in_sample
2012-07-16,ES1!,short,L,-1,2012-W29,in_sample
2012-07-16,ES1!,short,W,1,2012-W29,in_sample
2012-07-16,FDAX1!,long,W,1,2012-W29,in_sample
2012-07-16,NQ1!,short,L,-1,2012-W29,in_sample
2012-07-16,NQ1!,short,AMBIG,,2012-W29,in_sample
2012-07-16,Z1!,short,L,-1,2012-W29,in_sample
2012-07-17,FDAX1!,long,W,1,2012-W29,in_sample
2012-07-17,XAUUSD,long,BE,0,2012-W29,in_sample
2012-07-17,Z1!,short,L,-1,2012-W29,in_sample
2012-07-17,Z1!,short,L,-1,2012-W29,in_sample
2012-07-18,FDAX1!,long,W,1,2012-W29,in_sample
2012-07-18,NK2251!,long,BE,0,2012-W29,in_sample
2012-07-20,XAUUSD,short,L,-1,2012-W29,in_sample
2012-07-23,XAUUSD,short,BE,0,2012-W30,in_sample
2012-07-24,EURUSD,short,W,1,2012-W30,in_sample
2012-07-24,FDAX1!,long,L,-1,2012-W30,in_sample
2012-07-26,Z1!,short,L,-1,2012-W30,in_sample
2012-07-31,XAUUSD,long,L,-1,2012-W31,in_sample
2012-08-01,ES1!,short,BE,0,2012-W31,in_sample
2012-08-01,EURUSD,short,W,1,2012-W31,in_sample
2012-08-01,NQ1!,long,L,-1,2012-W31,in_sample
2012-08-01,XAUUSD,long,L,-1,2012-W31,in_sample
2012-08-02,XAUUSD,long,L,-1,2012-W31,in_sample
2012-08-06,XAUUSD,long,W,1,2012-W32,in_sample
2012-08-07,XAUUSD,long,L,-1,2012-W32,in_sample
2012-08-09,ES1!,long,W,1,2012-W32,in_sample
2012-08-09,NQ1!,long,BE,0,2012-W32,in_sample
2012-08-09,XAUUSD,long,L,-1,2012-W32,in_sample
2012-08-09,XAUUSD,long,L,-1,2012-W32,in_sample
2012-08-10,EURUSD,short,W,1,2012-W32,in_sample
2012-08-10,XAUUSD,long,L,-1,2012-W32,in_sample
2012-08-10,XAUUSD,long,L,-1,2012-W32,in_sample
2012-08-13,ES1!,long,BE,0,2012-W33,in_sample
2012-08-13,NQ1!,long,BE,0,2012-W33,in_sample
2012-08-13,XAUUSD,long,L,-1,2012-W33,in_sample
2012-08-15,EURUSD,short,W,1,2012-W33,in_sample
2012-08-15,FDAX1!,long,W,1,2012-W33,in_sample
2012-08-15,NK2251!,long,W,1,2012-W33,in_sample
2012-08-16,ES1!,long,W,1,2012-W33,in_sample
2012-08-16,EURUSD,short,L,-1,2012-W33,in_sample
2012-08-16,FDAX1!,long,W,1,2012-W33,in_sample
2012-08-16,XAUUSD,long,L,-1,2012-W33,in_sample
2012-08-16,XAUUSD,long,W,1,2012-W33,in_sample
2012-08-16,Z1!,long,L,-1,2012-W33,in_sample
2012-08-17,EURUSD,short,L,-1,2012-W33,in_sample
2012-08-17,XAUUSD,long,L,-1,2012-W33,in_sample
2012-08-17,XAUUSD,long,L,-1,2012-W33,in_sample
2012-08-20,XAUUSD,long,W,1,2012-W34,in_sample
2012-08-21,XAUUSD,long,W,1,2012-W34,in_sample
2012-08-21,XAUUSD,long,W,1,2012-W34,in_sample
2012-08-28,FDAX1!,short,W,1,2012-W35,in_sample
2012-08-29,ES1!,short,L,-1,2012-W35,in_sample
2012-08-29,ES1!,short,L,-1,2012-W35,in_sample
2012-08-29,FDAX1!,short,L,-1,2012-W35,in_sample
2012-08-30,EURUSD,long,L,-1,2012-W35,in_sample
2012-08-30,FDAX1!,short,BE,0,2012-W35,in_sample
2012-08-30,XAUUSD,long,L,-1,2012-W35,in_sample
2012-09-11,NK2251!,long,W,1,2012-W37,in_sample
2012-09-11,NQ1!,long,L,-1,2012-W37,in_sample
2012-09-11,XAUUSD,long,W,1,2012-W37,in_sample
2012-09-11,XAUUSD,long,W,1,2012-W37,in_sample
2012-09-12,ES1!,long,BE,0,2012-W37,in_sample
2012-09-12,NQ1!,long,L,-1,2012-W37,in_sample
2012-09-12,Z1!,short,L,-1,2012-W37,in_sample
2012-09-13,XAUUSD,long,L,-1,2012-W37,in_sample
2012-09-13,XAUUSD,long,L,-1,2012-W37,in_sample
2012-09-18,XAUUSD,long,W,1,2012-W38,in_sample
2012-09-19,NK2251!,long,W,1,2012-W38,in_sample
2012-09-19,NQ1!,long,BE,0,2012-W38,in_sample
2012-09-19,XAUUSD,long,BE,0,2012-W38,in_sample
2012-09-20,FDAX1!,long,W,1,2012-W38,in_sample
2012-09-21,FDAX1!,long,BE,0,2012-W38,in_sample
2012-09-21,XAUUSD,long,W,1,2012-W38,in_sample
2012-09-24,EURUSD,short,BE,0,2012-W39,in_sample
2012-09-24,XAUUSD,long,L,-1,2012-W39,in_sample
2012-09-24,Z1!,short,W,1,2012-W39,in_sample
2012-09-25,ES1!,long,L,-1,2012-W39,in_sample
2012-09-26,XAUUSD,short,W,1,2012-W39,in_sample
2012-09-26,Z1!,short,BE,0,2012-W39,in_sample
2012-09-27,EURUSD,short,BE,0,2012-W39,in_sample
2012-09-28,ES1!,short,W,1,2012-W39,in_sample
2012-09-28,ES1!,short,W,1,2012-W39,in_sample
2012-09-28,NQ1!,short,W,1,2012-W39,in_sample
2012-10-02,ES1!,short,L,-1,2012-W40,in_sample
2012-10-04,EURUSD,long,W,1,2012-W40,in_sample
2012-10-04,Z1!,long,BE,0,2012-W40,in_sample
2012-10-05,FDAX1!,long,W,1,2012-W40,in_sample
2012-10-09,XAUUSD,short,W,1,2012-W41,in_sample
2012-10-10,EURUSD,short,W,1,2012-W41,in_sample
2012-10-12,ES1!,short,W,1,2012-W41,in_sample
2012-10-12,Z1!,short,W,1,2012-W41,in_sample
2012-10-19,Z1!,long,L,-1,2012-W42,in_sample
2012-10-22,EURUSD,long,W,1,2012-W43,in_sample
2012-10-23,Z1!,long,L,-1,2012-W43,in_sample
2012-10-25,NK2251!,long,BE,0,2012-W43,in_sample
2012-10-26,FDAX1!,long,W,1,2012-W43,in_sample
2012-10-28,EURUSD,short,W,1,2012-W43,in_sample
2012-10-29,EURUSD,short,L,-1,2012-W44,in_sample
2012-10-29,NQ1!,short,W,1,2012-W44,in_sample
2012-10-30,FDAX1!,long,W,1,2012-W44,in_sample
2012-10-30,FDAX1!,long,BE,0,2012-W44,in_sample
2012-10-30,XAUUSD,long,W,1,2012-W44,in_sample
2012-10-31,XAUUSD,long,W,1,2012-W44,in_sample
2012-11-01,ES1!,long,W,1,2012-W44,in_sample
2012-11-02,EURUSD,short,W,1,2012-W44,in_sample
2012-11-02,EURUSD,short,W,1,2012-W44,in_sample
2012-11-05,ES1!,long,W,1,2012-W45,in_sample
2012-11-05,Z1!,long,W,1,2012-W45,in_sample
2012-11-07,ES1!,long,BE,0,2012-W45,in_sample
2012-11-08,XAUUSD,long,W,1,2012-W45,in_sample
2012-11-12,NQ1!,short,W,1,2012-W46,in_sample
2012-11-13,ES1!,short,L,-1,2012-W46,in_sample
2012-11-13,EURUSD,short,BE,0,2012-W46,in_sample
2012-11-14,ES1!,short,BE,0,2012-W46,in_sample
2012-11-14,ES1!,short,W,1,2012-W46,in_sample
2012-11-14,EURUSD,short,L,-1,2012-W46,in_sample
2012-11-14,FDAX1!,short,W,1,2012-W46,in_sample
2012-11-14,FDAX1!,short,W,1,2012-W46,in_sample
2012-11-14,Z1!,short,W,1,2012-W46,in_sample
2012-11-15,EURUSD,long,BE,0,2012-W46,in_sample
2012-11-20,FDAX1!,short,W,1,2012-W47,in_sample
2012-11-22,XAUUSD,short,L,-1,2012-W47,in_sample
2012-12-03,ES1!,long,W,1,2012-W49,in_sample
2012-12-03,EURUSD,long,BE,0,2012-W49,in_sample
2012-12-03,NQ1!,long,W,1,2012-W49,in_sample
2012-12-03,XAUUSD,short,W,1,2012-W49,in_sample
2012-12-05,ES1!,short,W,1,2012-W49,in_sample
2012-12-10,FDAX1!,long,L,-1,2012-W50,in_sample
2012-12-10,Z1!,long,BE,0,2012-W50,in_sample
2012-12-11,NQ1!,long,W,1,2012-W50,in_sample
2012-12-12,EURUSD,short,L,-1,2012-W50,in_sample
2012-12-13,EURUSD,short,L,-1,2012-W50,in_sample
2012-12-14,NQ1!,long,L,-1,2012-W50,in_sample
2012-12-16,NK2251!,long,W,1,2012-W50,in_sample
2012-12-17,FDAX1!,long,L,-1,2012-W51,in_sample
2012-12-17,FDAX1!,long,W,1,2012-W51,in_sample
2012-12-18,EURUSD,long,L,-1,2012-W51,in_sample
2012-12-18,EURUSD,long,BE,0,2012-W51,in_sample
2012-12-20,ES1!,long,L,-1,2012-W51,in_sample
2012-12-20,FDAX1!,long,W,1,2012-W51,in_sample
2012-12-26,ES1!,short,W,1,2012-W52,in_sample
2012-12-26,NQ1!,short,W,1,2012-W52,in_sample
2012-12-26,NQ1!,short,W,1,2012-W52,in_sample
2012-12-27,ES1!,short,W,1,2012-W52,in_sample
2012-12-27,ES1!,short,W,1,2012-W52,in_sample
2012-12-27,XAUUSD,short,L,-1,2012-W52,in_sample
2012-12-28,ES1!,short,BE,0,2012-W52,in_sample
2012-12-28,ES1!,short,W,1,2012-W52,in_sample
2012-12-28,FDAX1!,short,W,1,2012-W52,in_sample
2012-12-28,XAUUSD,short,W,1,2012-W52,in_sample
2012-12-28,XAUUSD,short,W,1,2012-W52,in_sample
2013-01-02,EURUSD,long,BE,0,2013-W01,in_sample
2013-01-07,NQ1!,long,L,-1,2013-W02,in_sample
2013-01-07,XAUUSD,short,W,1,2013-W02,in_sample
2013-01-08,NQ1!,long,L,-1,2013-W02,in_sample
2013-01-09,EURUSD,long,L,-1,2013-W02,in_sample
2013-01-09,FDAX1!,long,L,-1,2013-W02,in_sample
2013-01-09,NK2251!,long,W,1,2013-W02,in_sample
2013-01-10,ES1!,long,W,1,2013-W02,in_sample
2013-01-10,EURUSD,long,W,1,2013-W02,in_sample
2013-01-11,XAUUSD,short,W,1,2013-W02,in_sample
2013-01-14,ES1!,long,W,1,2013-W03,in_sample
2013-01-14,FDAX1!,long,L,-1,2013-W03,in_sample
2013-01-16,ES1!,long,W,1,2013-W03,in_sample
2013-01-16,NK2251!,long,L,-1,2013-W03,in_sample
2013-01-16,NQ1!,long,W,1,2013-W03,in_sample
2013-01-17,ES1!,long,W,1,2013-W03,in_sample
2013-01-17,EURUSD,long,L,-1,2013-W03,in_sample
2013-01-17,NQ1!,long,BE,0,2013-W03,in_sample
2013-01-17,XAUUSD,long,L,-1,2013-W03,in_sample
2013-01-17,Z1!,long,W,1,2013-W03,in_sample
2013-01-18,EURUSD,long,L,-1,2013-W03,in_sample
2013-01-18,FDAX1!,short,L,-1,2013-W03,in_sample
2013-01-21,EURUSD,long,L,-1,2013-W04,in_sample
2013-01-21,NQ1!,long,L,-1,2013-W04,in_sample
2013-01-21,XAUUSD,short,L,-1,2013-W04,in_sample
2013-01-22,EURUSD,long,W,1,2013-W04,in_sample
2013-01-22,FDAX1!,short,W,1,2013-W04,in_sample
2013-01-22,FDAX1!,short,W,1,2013-W04,in_sample
2013-01-24,NK2251!,long,W,1,2013-W04,in_sample
2013-01-29,NK2251!,long,W,1,2013-W05,in_sample
2013-01-29,NK2251!,long,W,1,2013-W05,in_sample
2013-01-29,NQ1!,short,W,1,2013-W05,in_sample
2013-01-30,NQ1!,short,L,-1,2013-W05,in_sample
2013-02-01,XAUUSD,long,W,1,2013-W05,in_sample
2013-02-04,NQ1!,short,W,1,2013-W06,in_sample
2013-02-05,XAUUSD,long,W,1,2013-W06,in_sample
2013-02-05,XAUUSD,long,BE,0,2013-W06,in_sample
2013-02-06,EURUSD,short,L,-1,2013-W06,in_sample
2013-02-06,NQ1!,short,W,1,2013-W06,in_sample
2013-02-06,NQ1!,short,W,1,2013-W06,in_sample
2013-02-07,ES1!,long,L,-1,2013-W06,in_sample
2013-02-07,EURUSD,short,W,1,2013-W06,in_sample
2013-02-07,NQ1!,short,W,1,2013-W06,in_sample
2013-02-07,Z1!,short,L,-1,2013-W06,in_sample
2013-02-07,Z1!,short,BE,0,2013-W06,in_sample
2013-02-08,NK2251!,long,W,1,2013-W06,in_sample
2013-02-08,XAUUSD,long,L,-1,2013-W06,in_sample
2013-02-08,Z1!,short,W,1,2013-W06,in_sample
2013-02-11,ES1!,long,BE,0,2013-W07,in_sample
2013-02-12,NQ1!,long,L,-1,2013-W07,in_sample
2013-02-15,ES1!,long,L,-1,2013-W07,in_sample
2013-02-15,Z1!,long,L,-1,2013-W07,in_sample
2013-02-17,EURUSD,short,W,1,2013-W07,in_sample
2013-02-18,ES1!,long,L,-1,2013-W08,in_sample
2013-02-19,ES1!,long,W,1,2013-W08,in_sample
2013-02-19,ES1!,long,BE,0,2013-W08,in_sample
2013-02-20,XAUUSD,short,W,1,2013-W08,in_sample
2013-02-26,NK2251!,long,L,-1,2013-W09,in_sample
2013-02-27,ES1!,short,L,-1,2013-W09,in_sample
2013-02-28,ES1!,short,L,-1,2013-W09,in_sample
2013-03-01,ES1!,short,W,1,2013-W09,in_sample
2013-03-01,EURUSD,short,W,1,2013-W09,in_sample
2013-03-01,NK2251!,long,W,1,2013-W09,in_sample
2013-03-01,NK2251!,long,BE,0,2013-W09,in_sample
2013-03-04,NQ1!,long,W,1,2013-W10,in_sample
2013-03-05,FDAX1!,long,W,1,2013-W10,in_sample
2013-03-05,FDAX1!,long,W,1,2013-W10,in_sample
2013-03-05,Z1!,long,W,1,2013-W10,in_sample
2013-03-08,XAUUSD,short,W,1,2013-W10,in_sample
2013-03-11,NK2251!,long,L,-1,2013-W11,in_sample
2013-03-12,XAUUSD,short,L,-1,2013-W11,in_sample
2013-03-13,NK2251!,long,W,1,2013-W11,in_sample
2013-03-15,NQ1!,short,W,1,2013-W11,in_sample
2013-03-19,EURUSD,short,W,1,2013-W12,in_sample
2013-03-20,NK2251!,long,W,1,2013-W12,in_sample
2013-03-20,NQ1!,short,W,1,2013-W12,in_sample
2013-03-21,EURUSD,short,W,1,2013-W12,in_sample
2013-03-21,NQ1!,short,W,1,2013-W12,in_sample
2013-03-22,NQ1!,short,L,-1,2013-W12,in_sample
2013-03-25,FDAX1!,short,BE,0,2013-W13,in_sample
2013-03-27,EURUSD,short,W,1,2013-W13,in_sample
2013-03-27,FDAX1!,short,W,1,2013-W13,in_sample
2013-03-29,EURUSD,short,W,1,2013-W13,in_sample
2013-04-01,XAUUSD,short,L,-1,2013-W14,in_sample
2013-04-02,XAUUSD,short,W,1,2013-W14,in_sample
2013-04-04,FDAX1!,short,W,1,2013-W14,in_sample
2013-04-04,Z1!,long,W,1,2013-W14,in_sample
2013-04-05,ES1!,short,W,1,2013-W14,in_sample
2013-04-05,FDAX1!,short,W,1,2013-W14,in_sample
2013-04-09,XAUUSD,long,W,1,2013-W15,in_sample
2013-04-09,XAUUSD,long,W,1,2013-W15,in_sample
2013-04-09,Z1!,short,L,-1,2013-W15,in_sample
2013-04-10,NK2251!,long,W,1,2013-W15,in_sample
2013-04-11,Z1!,short,L,-1,2013-W15,in_sample
2013-04-12,XAUUSD,short,W,1,2013-W15,in_sample
2013-04-15,EURUSD,short,L,-1,2013-W16,in_sample
2013-04-17,ES1!,short,W,1,2013-W16,in_sample
2013-04-17,FDAX1!,short,W,1,2013-W16,in_sample
2013-04-17,NQ1!,short,W,1,2013-W16,in_sample
2013-04-17,Z1!,short,W,1,2013-W16,in_sample
2013-04-22,EURUSD,short,L,-1,2013-W17,in_sample
2013-04-23,EURUSD,short,BE,0,2013-W17,in_sample
2013-04-23,NK2251!,long,W,1,2013-W17,in_sample
2013-04-24,XAUUSD,long,W,1,2013-W17,in_sample
2013-04-25,EURUSD,short,L,-1,2013-W17,in_sample
2013-04-30,XAUUSD,long,L,-1,2013-W18,in_sample
2013-05-01,Z1!,long,W,1,2013-W18,in_sample
2013-05-02,XAUUSD,long,W,1,2013-W18,in_sample
2013-05-02,XAUUSD,long,W,1,2013-W18,in_sample
2013-05-02,XAUUSD,long,W,1,2013-W18,in_sample
2013-05-02,Z1!,long,L,-1,2013-W18,in_sample
2013-05-03,EURUSD,long,W,1,2013-W18,in_sample
2013-05-03,Z1!,long,W,1,2013-W18,in_sample
2013-05-06,NQ1!,long,BE,0,2013-W19,in_sample
2013-05-07,EURUSD,long,W,1,2013-W19,in_sample
2013-05-08,EURUSD,long,W,1,2013-W19,in_sample
2013-05-08,EURUSD,long,W,1,2013-W19,in_sample
2013-05-08,NQ1!,long,L,-1,2013-W19,in_sample
2013-05-08,NQ1!,long,BE,0,2013-W19,in_sample
2013-05-08,XAUUSD,long,W,1,2013-W19,in_sample
2013-05-08,XAUUSD,long,W,1,2013-W19,in_sample
2013-05-13,NQ1!,long,BE,0,2013-W20,in_sample
2013-05-14,FDAX1!,long,BE,0,2013-W20,in_sample
2013-05-14,FDAX1!,long,W,1,2013-W20,in_sample
2013-05-17,EURUSD,short,W,1,2013-W20,in_sample
2013-05-21,EURUSD,short,L,-1,2013-W21,in_sample
2013-05-21,NQ1!,long,L,-1,2013-W21,in_sample
2013-05-22,XAUUSD,long,W,1,2013-W21,in_sample
2013-05-22,XAUUSD,long,W,1,2013-W21,in_sample
2013-05-24,ES1!,short,W,1,2013-W21,in_sample
2013-05-27,NQ1!,short,L,-1,2013-W22,in_sample
2013-05-28,EURUSD,short,L,-1,2013-W22,in_sample
2013-05-28,EURUSD,short,W,1,2013-W22,in_sample
2013-05-28,EURUSD,short,L,-1,2013-W22,in_sample
2013-05-28,EURUSD,short,L,-1,2013-W22,in_sample
2013-05-28,XAUUSD,short,W,1,2013-W22,in_sample
2013-05-28,XAUUSD,short,L,-1,2013-W22,in_sample
2013-05-29,EURUSD,short,L,-1,2013-W22,in_sample
2013-05-29,NQ1!,short,L,-1,2013-W22,in_sample
2013-05-29,Z1!,short,W,1,2013-W22,in_sample
2013-05-29,Z1!,short,W,1,2013-W22,in_sample
2013-05-30,FDAX1!,short,L,-1,2013-W22,in_sample
2013-05-31,FDAX1!,short,BE,0,2013-W22,in_sample
2013-06-03,FDAX1!,short,BE,0,2013-W23,in_sample
2013-06-03,XAUUSD,long,W,1,2013-W23,in_sample
2013-06-05,EURUSD,long,BE,0,2013-W23,in_sample
2013-06-05,NQ1!,short,W,1,2013-W23,in_sample
2013-06-06,XAUUSD,long,BE,0,2013-W23,in_sample
2013-06-06,XAUUSD,long,BE,0,2013-W23,in_sample
2013-06-10,EURUSD,long,W,1,2013-W24,in_sample
2013-06-11,EURUSD,long,W,1,2013-W24,in_sample
2013-06-11,EURUSD,long,L,-1,2013-W24,in_sample
2013-06-11,EURUSD,long,BE,0,2013-W24,in_sample
2013-06-11,Z1!,short,W,1,2013-W24,in_sample
2013-06-12,FDAX1!,short,W,1,2013-W24,in_sample
2013-06-12,NK2251!,short,W,1,2013-W24,in_sample
2013-06-14,NK2251!,short,L,-1,2013-W24,in_sample
2013-06-14,NQ1!,short,W,1,2013-W24,in_sample
2013-06-14,XAUUSD,long,L,-1,2013-W24,in_sample
2013-06-14,Z1!,short,L,-1,2013-W24,in_sample
2013-06-17,ES1!,long,BE,0,2013-W25,in_sample
2013-06-17,XAUUSD,long,L,-1,2013-W25,in_sample
2013-06-18,ES1!,long,BE,0,2013-W25,in_sample
2013-06-18,ES1!,long,BE,0,2013-W25,in_sample
2013-06-20,NK2251!,long,L,-1,2013-W25,in_sample
2013-06-21,XAUUSD,short,L,-1,2013-W25,in_sample
2013-06-24,XAUUSD,short,W,1,2013-W26,in_sample
2013-06-24,XAUUSD,short,W,1,2013-W26,in_sample
2013-06-25,XAUUSD,short,W,1,2013-W26,in_sample
2013-06-25,XAUUSD,short,W,1,2013-W26,in_sample
2013-06-27,NK2251!,long,W,1,2013-W26,in_sample
2013-06-27,Z1!,short,L,-1,2013-W26,in_sample
2013-06-28,XAUUSD,short,L,-1,2013-W26,in_sample
2013-06-28,Z1!,short,L,-1,2013-W26,in_sample
2013-07-01,FDAX1!,short,L,-1,2013-W27,in_sample
2013-07-02,FDAX1!,short,W,1,2013-W27,in_sample
2013-07-03,NK2251!,long,L,-1,2013-W27,in_sample
2013-07-03,XAUUSD,short,L,-1,2013-W27,in_sample
2013-07-04,NK2251!,long,W,1,2013-W27,in_sample
2013-07-04,XAUUSD,short,W,1,2013-W27,in_sample
2013-07-05,XAUUSD,short,W,1,2013-W27,in_sample
2013-07-05,XAUUSD,short,W,1,2013-W27,in_sample
2013-07-09,NQ1!,long,W,1,2013-W28,in_sample
2013-07-09,NQ1!,long,BE,0,2013-W28,in_sample
2013-07-10,NK2251!,long,W,1,2013-W28,in_sample
2013-07-11,NK2251!,long,BE,0,2013-W28,in_sample
2013-07-12,NK2251!,long,BE,0,2013-W28,in_sample
2013-07-12,XAUUSD,long,W,1,2013-W28,in_sample
2013-07-15,EURUSD,long,W,1,2013-W29,in_sample
2013-07-15,Z1!,long,AMBIG,,2013-W29,in_sample
2013-07-16,ES1!,long,L,-1,2013-W29,in_sample
2013-07-16,EURUSD,long,L,-1,2013-W29,in_sample
2013-07-16,XAUUSD,long,W,1,2013-W29,in_sample
2013-07-16,XAUUSD,long,BE,0,2013-W29,in_sample
2013-07-17,NK2251!,long,BE,0,2013-W29,in_sample
2013-07-17,XAUUSD,long,BE,0,2013-W29,in_sample
2013-07-17,Z1!,long,L,-1,2013-W29,in_sample
2013-07-18,FDAX1!,long,W,1,2013-W29,in_sample
2013-07-18,XAUUSD,long,W,1,2013-W29,in_sample
2013-07-19,EURUSD,long,W,1,2013-W29,in_sample
2013-07-19,EURUSD,long,W,1,2013-W29,in_sample
2013-07-19,EURUSD,long,W,1,2013-W29,in_sample
2013-07-19,XAUUSD,long,W,1,2013-W29,in_sample
2013-07-22,EURUSD,long,W,1,2013-W30,in_sample
2013-07-22,NQ1!,short,W,1,2013-W30,in_sample
2013-07-22,Z1!,long,L,-1,2013-W30,in_sample
2013-07-23,FDAX1!,long,L,-1,2013-W30,in_sample
2013-07-23,NQ1!,short,BE,0,2013-W30,in_sample
2013-07-23,Z1!,long,W,1,2013-W30,in_sample
2013-07-23,Z1!,long,L,-1,2013-W30,in_sample
2013-07-24,FDAX1!,long,BE,0,2013-W30,in_sample
2013-07-24,Z1!,long,BE,0,2013-W30,in_sample
2013-07-25,NQ1!,short,L,-1,2013-W30,in_sample
2013-07-28,EURUSD,long,L,-1,2013-W30,in_sample
2013-07-29,EURUSD,long,L,-1,2013-W31,in_sample
2013-07-29,EURUSD,long,L,-1,2013-W31,in_sample
2013-07-29,XAUUSD,long,L,-1,2013-W31,in_sample
2013-07-30,XAUUSD,long,W,1,2013-W31,in_sample
2013-07-30,Z1!,short,L,-1,2013-W31,in_sample
2013-07-31,XAUUSD,long,L,-1,2013-W31,in_sample
2013-08-06,FDAX1!,long,W,1,2013-W32,in_sample
2013-08-06,XAUUSD,short,W,1,2013-W32,in_sample
2013-08-06,XAUUSD,short,BE,0,2013-W32,in_sample
2013-08-07,EURUSD,short,L,-1,2013-W32,in_sample
2013-08-09,ES1!,short,W,1,2013-W32,in_sample
2013-08-09,NQ1!,short,W,1,2013-W32,in_sample
2013-08-12,ES1!,short,W,1,2013-W33,in_sample
2013-08-12,EURUSD,long,L,-1,2013-W33,in_sample
2013-08-12,FDAX1!,short,W,1,2013-W33,in_sample
2013-08-12,NQ1!,short,W,1,2013-W33,in_sample
2013-08-13,EURUSD,long,L,-1,2013-W33,in_sample
2013-08-14,ES1!,short,W,1,2013-W33,in_sample
2013-08-14,XAUUSD,long,W,1,2013-W33,in_sample
2013-08-15,EURUSD,short,W,1,2013-W33,in_sample
2013-08-16,FDAX1!,long,L,-1,2013-W33,in_sample
2013-08-19,EURUSD,long,W,1,2013-W34,in_sample
2013-08-20,EURUSD,long,BE,0,2013-W34,in_sample
2013-08-21,EURUSD,long,L,-1,2013-W34,in_sample
2013-08-21,FDAX1!,long,L,-1,2013-W34,in_sample
2013-08-21,Z1!,short,BE,0,2013-W34,in_sample
2013-08-23,EURUSD,short,L,-1,2013-W34,in_sample
2013-08-23,EURUSD,short,L,-1,2013-W34,in_sample
2013-08-26,FDAX1!,long,L,-1,2013-W35,in_sample
2013-08-26,NK2251!,short,W,1,2013-W35,in_sample
2013-08-26,NK2251!,short,W,1,2013-W35,in_sample
2013-08-27,NK2251!,short,W,1,2013-W35,in_sample
2013-09-03,EURUSD,short,W,1,2013-W36,in_sample
2013-09-03,EURUSD,short,W,1,2013-W36,in_sample
2013-09-04,NQ1!,long,W,1,2013-W36,in_sample
2013-09-05,FDAX1!,long,W,1,2013-W36,in_sample
2013-09-05,Z1!,long,W,1,2013-W36,in_sample
2013-09-06,Z1!,long,BE,0,2013-W36,in_sample
2013-09-06,Z1!,long,W,1,2013-W36,in_sample
2013-09-11,EURUSD,long,BE,0,2013-W37,in_sample
2013-09-12,XAUUSD,short,BE,0,2013-W37,in_sample
2013-09-12,Z1!,long,AMBIG,,2013-W37,in_sample
2013-09-13,NQ1!,long,L,-1,2013-W37,in_sample
2013-09-18,ES1!,long,L,-1,2013-W38,in_sample
2013-09-18,ES1!,long,W,1,2013-W38,in_sample
2013-09-20,FDAX1!,long,L,-1,2013-W38,in_sample
2013-09-20,Z1!,short,L,-1,2013-W38,in_sample
2013-09-23,EURUSD,short,W,1,2013-W39,in_sample
2013-09-23,Z1!,short,BE,0,2013-W39,in_sample
2013-09-24,NK2251!,long,L,-1,2013-W39,in_sample
2013-09-25,NQ1!,short,L,-1,2013-W39,in_sample
2013-09-25,Z1!,short,W,1,2013-W39,in_sample
2013-09-26,FDAX1!,long,L,-1,2013-W39,in_sample
2013-09-26,XAUUSD,long,L,-1,2013-W39,in_sample
2013-09-27,XAUUSD,long,W,1,2013-W39,in_sample
2013-09-27,XAUUSD,long,L,-1,2013-W39,in_sample
2013-09-29,XAUUSD,long,W,1,2013-W39,in_sample
2013-10-01,XAUUSD,long,L,-1,2013-W40,in_sample
2013-10-02,EURUSD,long,L,-1,2013-W40,in_sample
2013-10-02,NK2251!,short,W,1,2013-W40,in_sample
2013-10-03,ES1!,short,BE,0,2013-W40,in_sample
2013-10-03,NK2251!,short,W,1,2013-W40,in_sample
2013-10-03,NQ1!,long,L,-1,2013-W40,in_sample
2013-10-03,NQ1!,long,L,-1,2013-W40,in_sample
2013-10-04,FDAX1!,long,W,1,2013-W40,in_sample
2013-10-04,FDAX1!,long,L,-1,2013-W40,in_sample
2013-10-07,ES1!,short,W,1,2013-W41,in_sample
2013-10-07,ES1!,short,BE,0,2013-W41,in_sample
2013-10-07,NK2251!,short,W,1,2013-W41,in_sample
2013-10-07,NQ1!,short,W,1,2013-W41,in_sample
2013-10-08,NQ1!,short,W,1,2013-W41,in_sample
2013-10-09,EURUSD,short,W,1,2013-W41,in_sample
2013-10-11,NQ1!,long,W,1,2013-W41,in_sample
2013-10-14,ES1!,long,W,1,2013-W42,in_sample
2013-10-14,ES1!,long,W,1,2013-W42,in_sample
2013-10-15,EURUSD,short,W,1,2013-W42,in_sample
2013-10-16,ES1!,long,W,1,2013-W42,in_sample
2013-10-21,FDAX1!,long,BE,0,2013-W43,in_sample
2013-10-21,XAUUSD,short,BE,0,2013-W43,in_sample
2013-10-22,EURUSD,long,W,1,2013-W43,in_sample
2013-10-22,XAUUSD,short,BE,0,2013-W43,in_sample
2013-10-24,FDAX1!,long,W,1,2013-W43,in_sample
2013-10-24,XAUUSD,long,W,1,2013-W43,in_sample
2013-10-24,Z1!,long,W,1,2013-W43,in_sample
2013-10-24,Z1!,long,BE,0,2013-W43,in_sample
2013-10-28,NK2251!,short,W,1,2013-W44,in_sample
2013-10-28,NK2251!,short,W,1,2013-W44,in_sample
2013-10-28,XAUUSD,long,BE,0,2013-W44,in_sample
2013-10-29,FDAX1!,long,W,1,2013-W44,in_sample
2013-10-29,Z1!,long,W,1,2013-W44,in_sample
2013-10-31,ES1!,long,L,-1,2013-W44,in_sample
2013-11-01,ES1!,long,W,1,2013-W44,in_sample
2013-11-01,NQ1!,short,BE,0,2013-W44,in_sample
2013-11-01,Z1!,long,L,-1,2013-W44,in_sample
2013-11-04,FDAX1!,long,L,-1,2013-W45,in_sample
2013-11-04,Z1!,long,AMBIG,,2013-W45,in_sample
2013-11-05,EURUSD,short,W,1,2013-W45,in_sample
2013-11-05,NK2251!,long,W,1,2013-W45,in_sample
2013-11-05,NQ1!,short,BE,0,2013-W45,in_sample
2013-11-06,ES1!,long,W,1,2013-W45,in_sample
2013-11-07,NQ1!,long,W,1,2013-W45,in_sample
2013-11-07,XAUUSD,short,L,-1,2013-W45,in_sample
2013-11-07,Z1!,short,AMBIG,,2013-W45,in_sample
2013-11-12,EURUSD,short,W,1,2013-W46,in_sample
2013-11-12,FDAX1!,long,L,-1,2013-W46,in_sample
2013-11-18,XAUUSD,long,L,-1,2013-W47,in_sample
2013-11-21,NK2251!,long,W,1,2013-W47,in_sample
2013-11-22,NK2251!,long,W,1,2013-W47,in_sample
2013-11-25,Z1!,short,W,1,2013-W48,in_sample
2013-11-26,ES1!,long,BE,0,2013-W48,in_sample
2013-11-26,Z1!,short,W,1,2013-W48,in_sample
2013-11-26,Z1!,short,BE,0,2013-W48,in_sample
2013-11-27,ES1!,long,W,1,2013-W48,in_sample
2013-11-27,FDAX1!,long,BE,0,2013-W48,in_sample
2013-11-28,ES1!,long,BE,0,2013-W48,in_sample
2013-11-28,ES1!,long,W,1,2013-W48,in_sample
2013-11-28,Z1!,short,L,-1,2013-W48,in_sample
2013-11-28,Z1!,short,L,-1,2013-W48,in_sample
2013-12-02,NK2251!,long,BE,0,2013-W49,in_sample
2013-12-02,Z1!,short,BE,0,2013-W49,in_sample
2013-12-04,EURUSD,short,W,1,2013-W49,in_sample
2013-12-04,XAUUSD,short,W,1,2013-W49,in_sample
2013-12-09,NK2251!,short,L,-1,2013-W50,in_sample
2013-12-11,FDAX1!,short,BE,0,2013-W50,in_sample
2013-12-11,NK2251!,short,W,1,2013-W50,in_sample
2013-12-12,NK2251!,short,W,1,2013-W50,in_sample
2013-12-12,XAUUSD,long,L,-1,2013-W50,in_sample
2013-12-13,NK2251!,short,W,1,2013-W50,in_sample
2013-12-16,NK2251!,short,L,-1,2013-W51,in_sample
2013-12-16,XAUUSD,long,W,1,2013-W51,in_sample
2013-12-16,Z1!,short,W,1,2013-W51,in_sample
2013-12-17,NK2251!,short,L,-1,2013-W51,in_sample
2013-12-18,XAUUSD,long,L,-1,2013-W51,in_sample
2013-12-18,XAUUSD,long,L,-1,2013-W51,in_sample
2013-12-18,Z1!,long,L,-1,2013-W51,in_sample
2013-12-20,ES1!,long,W,1,2013-W51,in_sample
2013-12-23,XAUUSD,short,W,1,2013-W52,in_sample
2013-12-24,NK2251!,long,W,1,2013-W52,in_sample
2013-12-24,XAUUSD,short,L,-1,2013-W52,in_sample
2013-12-26,EURUSD,short,L,-1,2013-W52,in_sample
2013-12-31,Z1!,long,L,-1,2014-W01,in_sample
2013-12-31,Z1!,long,W,1,2014-W01,in_sample
2014-01-02,Z1!,long,L,-1,2014-W01,in_sample
2014-01-06,ES1!,short,BE,0,2014-W02,in_sample
2014-01-06,Z1!,short,L,-1,2014-W02,in_sample
2014-01-08,EURUSD,short,W,1,2014-W02,in_sample
2014-01-08,Z1!,short,W,1,2014-W02,in_sample
2014-01-08,Z1!,short,L,-1,2014-W02,in_sample
2014-01-09,ES1!,long,BE,0,2014-W02,in_sample
2014-01-09,FDAX1!,short,L,-1,2014-W02,in_sample
2014-01-09,NK2251!,short,L,-1,2014-W02,in_sample
2014-01-09,NK2251!,short,W,1,2014-W02,in_sample
2014-01-09,Z1!,short,L,-1,2014-W02,in_sample
2014-01-10,NK2251!,short,W,1,2014-W02,in_sample
2014-01-13,NQ1!,long,L,-1,2014-W03,in_sample
2014-01-14,EURUSD,long,BE,0,2014-W03,in_sample
2014-01-14,Z1!,short,L,-1,2014-W03,in_sample
2014-01-16,NK2251!,short,W,1,2014-W03,in_sample
2014-01-17,NQ1!,long,W,1,2014-W03,in_sample
2014-01-20,EURUSD,short,W,1,2014-W04,in_sample
2014-01-20,NK2251!,short,L,-1,2014-W04,in_sample
2014-01-20,NQ1!,long,W,1,2014-W04,in_sample
2014-01-21,ES1!,long,L,-1,2014-W04,in_sample
2014-01-21,EURUSD,short,L,-1,2014-W04,in_sample
2014-01-21,NK2251!,short,W,1,2014-W04,in_sample
2014-01-21,NQ1!,long,BE,0,2014-W04,in_sample
2014-01-23,ES1!,short,W,1,2014-W04,in_sample
2014-01-23,EURUSD,long,W,1,2014-W04,in_sample
2014-01-29,NQ1!,short,L,-1,2014-W05,in_sample
2014-01-29,Z1!,short,L,-1,2014-W05,in_sample
2014-01-30,NK2251!,long,W,1,2014-W05,in_sample
2014-02-04,EURUSD,short,L,-1,2014-W06,in_sample
2014-02-04,XAUUSD,short,W,1,2014-W06,in_sample
2014-02-05,ES1!,short,L,-1,2014-W06,in_sample
2014-02-05,ES1!,short,BE,0,2014-W06,in_sample
2014-02-05,NQ1!,short,L,-1,2014-W06,in_sample
2014-02-06,EURUSD,short,AMBIG,,2014-W06,in_sample
2014-02-06,XAUUSD,long,L,-1,2014-W06,in_sample
2014-02-07,XAUUSD,long,W,1,2014-W06,in_sample
2014-02-12,ES1!,long,L,-1,2014-W07,in_sample
2014-02-13,EURUSD,long,W,1,2014-W07,in_sample
2014-02-14,NK2251!,short,L,-1,2014-W07,in_sample
2014-02-14,Z1!,long,W,1,2014-W07,in_sample
2014-02-16,NK2251!,short,L,-1,2014-W07,in_sample
2014-02-17,NQ1!,long,W,1,2014-W08,in_sample
2014-02-17,Z1!,long,W,1,2014-W08,in_sample
2014-02-17,Z1!,long,W,1,2014-W08,in_sample
2014-02-18,EURUSD,long,BE,0,2014-W08,in_sample
2014-02-21,NK2251!,long,L,-1,2014-W08,in_sample
2014-02-24,EURUSD,short,W,1,2014-W09,in_sample
2014-02-24,EURUSD,short,L,-1,2014-W09,in_sample
2014-02-25,EURUSD,short,L,-1,2014-W09,in_sample
2014-02-26,EURUSD,short,W,1,2014-W09,in_sample
2014-02-26,NQ1!,long,BE,0,2014-W09,in_sample
2014-02-26,NQ1!,long,BE,0,2014-W09,in_sample
2014-02-27,XAUUSD,long,L,-1,2014-W09,in_sample
2014-02-28,ES1!,long,W,1,2014-W09,in_sample
2014-02-28,NK2251!,long,L,-1,2014-W09,in_sample
2014-02-28,Z1!,short,W,1,2014-W09,in_sample
2014-03-05,ES1!,long,L,-1,2014-W10,in_sample
2014-03-05,FDAX1!,short,L,-1,2014-W10,in_sample
2014-03-05,XAUUSD,long,L,-1,2014-W10,in_sample
2014-03-06,EURUSD,long,AMBIG,,2014-W10,in_sample
2014-03-06,FDAX1!,short,W,1,2014-W10,in_sample
2014-03-07,FDAX1!,short,W,1,2014-W10,in_sample
2014-03-07,FDAX1!,short,W,1,2014-W10,in_sample
2014-03-07,NQ1!,long,L,-1,2014-W10,in_sample
2014-03-10,EURUSD,short,W,1,2014-W11,in_sample
2014-03-11,NK2251!,long,L,-1,2014-W11,in_sample
2014-03-11,XAUUSD,short,L,-1,2014-W11,in_sample
2014-03-11,Z1!,short,AMBIG,,2014-W11,in_sample
2014-03-11,Z1!,short,BE,0,2014-W11,in_sample
2014-03-13,FDAX1!,short,W,1,2014-W11,in_sample
2014-03-14,EURUSD,long,W,1,2014-W11,in_sample
2014-03-14,XAUUSD,long,W,1,2014-W11,in_sample
2014-03-17,EURUSD,long,L,-1,2014-W12,in_sample
2014-03-18,Z1!,short,L,-1,2014-W12,in_sample
2014-03-20,FDAX1!,long,W,1,2014-W12,in_sample
2014-03-20,NQ1!,long,W,1,2014-W12,in_sample
2014-03-21,XAUUSD,short,W,1,2014-W12,in_sample
2014-03-24,ES1!,long,L,-1,2014-W13,in_sample
2014-03-25,FDAX1!,long,BE,0,2014-W13,in_sample
2014-03-31,NQ1!,short,L,-1,2014-W14,in_sample
2014-03-31,XAUUSD,short,W,1,2014-W14,in_sample
2014-04-01,Z1!,long,L,-1,2014-W14,in_sample
2014-04-03,XAUUSD,short,W,1,2014-W14,in_sample
2014-04-09,XAUUSD,long,W,1,2014-W15,in_sample
2014-04-09,XAUUSD,long,AMBIG,,2014-W15,in_sample
2014-04-11,Z1!,short,BE,0,2014-W15,in_sample
2014-04-13,XAUUSD,long,BE,0,2014-W15,in_sample
2014-04-15,ES1!,short,L,-1,2014-W16,in_sample
2014-04-15,NK2251!,short,L,-1,2014-W16,in_sample
2014-04-15,NK2251!,short,L,-1,2014-W16,in_sample
2014-04-16,EURUSD,long,W,1,2014-W16,in_sample
2014-04-17,EURUSD,long,L,-1,2014-W16,in_sample
2014-04-17,NQ1!,long,L,-1,2014-W16,in_sample
2014-04-21,EURUSD,long,W,1,2014-W17,in_sample
2014-04-22,XAUUSD,short,W,1,2014-W17,in_sample
2014-04-24,XAUUSD,short,W,1,2014-W17,in_sample
2014-04-25,EURUSD,long,W,1,2014-W17,in_sample
2014-04-28,EURUSD,long,BE,0,2014-W18,in_sample
2014-05-04,EURUSD,long,L,-1,2014-W18,in_sample
2014-05-06,EURUSD,long,W,1,2014-W19,in_sample
2014-05-07,ES1!,short,L,-1,2014-W19,in_sample
2014-05-07,ES1!,short,BE,0,2014-W19,in_sample
2014-05-07,FDAX1!,long,W,1,2014-W19,in_sample
2014-05-07,XAUUSD,long,W,1,2014-W19,in_sample
2014-05-07,XAUUSD,long,L,-1,2014-W19,in_sample
2014-05-07,Z1!,long,W,1,2014-W19,in_sample
2014-05-08,EURUSD,long,W,1,2014-W19,in_sample
2014-05-08,FDAX1!,long,W,1,2014-W19,in_sample
2014-05-11,XAUUSD,short,W,1,2014-W19,in_sample
2014-05-12,ES1!,long,W,1,2014-W20,in_sample
2014-05-12,FDAX1!,long,W,1,2014-W20,in_sample
2014-05-12,FDAX1!,long,BE,0,2014-W20,in_sample
2014-05-13,EURUSD,short,L,-1,2014-W20,in_sample
2014-05-13,EURUSD,short,BE,0,2014-W20,in_sample
2014-05-13,NK2251!,short,W,1,2014-W20,in_sample
2014-05-14,NK2251!,short,W,1,2014-W20,in_sample
2014-05-14,XAUUSD,long,W,1,2014-W20,in_sample
2014-05-15,NK2251!,short,W,1,2014-W20,in_sample
2014-05-16,EURUSD,short,L,-1,2014-W20,in_sample
2014-05-16,NQ1!,long,W,1,2014-W20,in_sample
2014-05-16,XAUUSD,long,L,-1,2014-W20,in_sample
2014-05-19,NQ1!,long,W,1,2014-W21,in_sample
2014-05-20,FDAX1!,short,L,-1,2014-W21,in_sample
2014-05-20,NQ1!,long,L,-1,2014-W21,in_sample
2014-05-20,XAUUSD,short,BE,0,2014-W21,in_sample
2014-05-23,EURUSD,short,W,1,2014-W21,in_sample
2014-05-23,EURUSD,short,W,1,2014-W21,in_sample
2014-05-23,Z1!,short,W,1,2014-W21,in_sample
2014-05-28,Z1!,long,W,1,2014-W22,in_sample
2014-05-29,FDAX1!,long,L,-1,2014-W22,in_sample
2014-05-29,NK2251!,long,W,1,2014-W22,in_sample
2014-05-29,NQ1!,long,W,1,2014-W22,in_sample
2014-05-29,NQ1!,long,BE,0,2014-W22,in_sample
2014-05-29,Z1!,long,W,1,2014-W22,in_sample
2014-05-30,XAUUSD,short,W,1,2014-W22,in_sample
2014-05-30,XAUUSD,short,BE,0,2014-W22,in_sample
2014-06-02,Z1!,long,L,-1,2014-W23,in_sample
2014-06-04,ES1!,long,W,1,2014-W23,in_sample
2014-06-04,ES1!,long,BE,0,2014-W23,in_sample
2014-06-05,EURUSD,short,L,-1,2014-W23,in_sample
2014-06-05,EURUSD,short,AMBIG,,2014-W23,in_sample
2014-06-05,XAUUSD,short,L,-1,2014-W23,in_sample
2014-06-10,EURUSD,long,L,-1,2014-W24,in_sample
2014-06-11,XAUUSD,long,BE,0,2014-W24,in_sample
2014-06-12,EURUSD,short,BE,0,2014-W24,in_sample
2014-06-17,ES1!,short,W,1,2014-W25,in_sample
2014-06-17,NK2251!,long,W,1,2014-W25,in_sample
2014-06-18,EURUSD,long,W,1,2014-W25,in_sample
2014-06-18,FDAX1!,long,W,1,2014-W25,in_sample
2014-06-18,FDAX1!,long,W,1,2014-W25,in_sample
2014-06-18,NK2251!,long,W,1,2014-W25,in_sample
2014-06-18,NK2251!,long,W,1,2014-W25,in_sample
2014-06-18,NQ1!,short,L,-1,2014-W25,in_sample
2014-06-18,XAUUSD,short,L,-1,2014-W25,in_sample
2014-06-20,ES1!,long,W,1,2014-W25,in_sample
2014-06-24,EURUSD,long,W,1,2014-W26,in_sample
2014-06-24,XAUUSD,long,W,1,2014-W26,in_sample
2014-06-24,XAUUSD,long,BE,0,2014-W26,in_sample
2014-06-25,NK2251!,short,BE,0,2014-W26,in_sample
2014-06-26,NK2251!,short,W,1,2014-W26,in_sample
2014-06-26,NQ1!,short,W,1,2014-W26,in_sample
2014-06-27,EURUSD,long,W,1,2014-W26,in_sample
2014-06-30,EURUSD,long,AMBIG,,2014-W27,in_sample
2014-06-30,XAUUSD,short,L,-1,2014-W27,in_sample
2014-07-03,EURUSD,long,L,-1,2014-W27,in_sample
2014-07-08,Z1!,long,L,-1,2014-W28,in_sample
2014-07-09,XAUUSD,long,W,1,2014-W28,in_sample
2014-07-09,Z1!,long,L,-1,2014-W28,in_sample
2014-07-15,EURUSD,short,L,-1,2014-W29,in_sample
2014-07-15,EURUSD,short,W,1,2014-W29,in_sample
2014-07-18,Z1!,short,L,-1,2014-W29,in_sample
2014-07-21,NQ1!,short,W,1,2014-W30,in_sample
2014-07-23,XAUUSD,short,L,-1,2014-W30,in_sample
2014-07-24,NK2251!,short,L,-1,2014-W30,in_sample
2014-07-24,NK2251!,short,L,-1,2014-W30,in_sample
2014-07-24,Z1!,long,BE,0,2014-W30,in_sample
2014-07-25,ES1!,long,L,-1,2014-W30,in_sample
2014-07-25,EURUSD,short,W,1,2014-W30,in_sample
2014-07-28,NQ1!,long,W,1,2014-W31,in_sample
2014-07-28,XAUUSD,short,L,-1,2014-W31,in_sample
2014-07-28,Z1!,long,L,-1,2014-W31,in_sample
2014-07-28,Z1!,long,W,1,2014-W31,in_sample
2014-07-29,EURUSD,short,L,-1,2014-W31,in_sample
2014-07-30,XAUUSD,short,W,1,2014-W31,in_sample
2014-07-31,FDAX1!,short,W,1,2014-W31,in_sample
2014-07-31,XAUUSD,short,W,1,2014-W31,in_sample
2014-07-31,XAUUSD,short,W,1,2014-W31,in_sample
2014-08-05,XAUUSD,short,L,-1,2014-W32,in_sample
2014-08-05,Z1!,short,W,1,2014-W32,in_sample
2014-08-06,Z1!,short,L,-1,2014-W32,in_sample
2014-08-06,Z1!,short,W,1,2014-W32,in_sample
2014-08-07,FDAX1!,short,L,-1,2014-W32,in_sample
2014-08-07,NQ1!,long,W,1,2014-W32,in_sample
2014-08-08,EURUSD,long,W,1,2014-W32,in_sample
2014-08-12,XAUUSD,long,W,1,2014-W33,in_sample
2014-08-12,XAUUSD,long,W,1,2014-W33,in_sample
2014-08-12,Z1!,short,AMBIG,,2014-W33,in_sample
2014-08-18,EURUSD,short,W,1,2014-W34,in_sample
2014-08-19,EURUSD,short,W,1,2014-W34,in_sample
2014-08-20,NQ1!,long,L,-1,2014-W34,in_sample
2014-08-20,XAUUSD,short,BE,0,2014-W34,in_sample
2014-08-22,EURUSD,short,L,-1,2014-W34,in_sample
2014-08-26,NK2251!,long,L,-1,2014-W35,in_sample
2014-08-26,NQ1!,long,L,-1,2014-W35,in_sample
2014-08-27,NQ1!,long,L,-1,2014-W35,in_sample
2014-08-28,XAUUSD,long,W,1,2014-W35,in_sample
2014-08-29,EURUSD,long,L,-1,2014-W35,in_sample
2014-08-29,EURUSD,long,L,-1,2014-W35,in_sample
2014-08-29,Z1!,long,L,-1,2014-W35,in_sample
2014-09-02,ES1!,long,BE,0,2014-W36,in_sample
2014-09-02,NQ1!,long,BE,0,2014-W36,in_sample
2014-09-04,NQ1!,long,L,-1,2014-W36,in_sample
2014-09-05,Z1!,long,L,-1,2014-W36,in_sample
2014-09-09,ES1!,long,L,-1,2014-W37,in_sample
2014-09-09,NQ1!,long,L,-1,2014-W37,in_sample
2014-09-10,NK2251!,long,BE,0,2014-W37,in_sample
2014-09-10,Z1!,short,L,-1,2014-W37,in_sample
2014-09-10,Z1!,short,L,-1,2014-W37,in_sample
2014-09-16,FDAX1!,short,W,1,2014-W38,in_sample
2014-09-16,Z1!,short,W,1,2014-W38,in_sample
2014-09-16,Z1!,short,BE,0,2014-W38,in_sample
2014-09-17,NK2251!,long,W,1,2014-W38,in_sample
2014-09-17,NK2251!,long,W,1,2014-W38,in_sample
2014-09-17,NQ1!,short,L,-1,2014-W38,in_sample
2014-09-17,XAUUSD,long,L,-1,2014-W38,in_sample
2014-09-19,EURUSD,short,L,-1,2014-W38,in_sample
2014-09-23,EURUSD,short,L,-1,2014-W39,in_sample
2014-09-24,EURUSD,short,W,1,2014-W39,in_sample
2014-09-25,FDAX1!,short,W,1,2014-W39,in_sample
2014-09-26,XAUUSD,long,W,1,2014-W39,in_sample
2014-09-29,XAUUSD,long,L,-1,2014-W40,in_sample
2014-09-30,ES1!,short,W,1,2014-W40,in_sample
2014-10-01,ES1!,short,W,1,2014-W40,in_sample
2014-10-01,FDAX1!,short,L,-1,2014-W40,in_sample
2014-10-01,NK2251!,long,L,-1,2014-W40,in_sample
2014-10-03,XAUUSD,short,W,1,2014-W40,in_sample
2014-10-03,XAUUSD,short,W,1,2014-W40,in_sample
2014-10-06,NK2251!,short,W,1,2014-W41,in_sample
2014-10-07,EURUSD,short,L,-1,2014-W41,in_sample
2014-10-07,NK2251!,short,W,1,2014-W41,in_sample
2014-10-08,Z1!,long,AMBIG,,2014-W41,in_sample
2014-10-09,NK2251!,short,W,1,2014-W41,in_sample
2014-10-10,NQ1!,long,L,-1,2014-W41,in_sample
2014-10-13,EURUSD,long,W,1,2014-W42,in_sample
2014-10-15,ES1!,short,W,1,2014-W42,in_sample
2014-10-15,EURUSD,long,BE,0,2014-W42,in_sample
2014-10-16,XAUUSD,long,L,-1,2014-W42,in_sample
2014-10-19,XAUUSD,long,L,-1,2014-W42,in_sample
2014-10-20,EURUSD,long,W,1,2014-W43,in_sample
2014-10-21,EURUSD,long,L,-1,2014-W43,in_sample
2014-10-21,XAUUSD,long,BE,0,2014-W43,in_sample
2014-10-21,Z1!,short,L,-1,2014-W43,in_sample
2014-10-22,EURUSD,long,L,-1,2014-W43,in_sample
2014-10-23,Z1!,long,BE,0,2014-W43,in_sample
2014-10-27,FDAX1!,long,W,1,2014-W44,in_sample
2014-10-28,EURUSD,short,L,-1,2014-W44,in_sample
2014-10-28,NK2251!,long,W,1,2014-W44,in_sample
2014-10-28,NQ1!,long,W,1,2014-W44,in_sample
2014-10-28,Z1!,long,W,1,2014-W44,in_sample
2014-10-29,EURUSD,short,L,-1,2014-W44,in_sample
2014-11-03,NQ1!,long,W,1,2014-W45,in_sample
2014-11-04,ES1!,long,L,-1,2014-W45,in_sample
2014-11-05,ES1!,long,BE,0,2014-W45,in_sample
2014-11-05,EURUSD,short,W,1,2014-W45,in_sample
2014-11-05,Z1!,long,W,1,2014-W45,in_sample
2014-11-06,ES1!,long,BE,0,2014-W45,in_sample
2014-11-06,EURUSD,short,W,1,2014-W45,in_sample
2014-11-06,Z1!,long,W,1,2014-W45,in_sample
2014-11-10,FDAX1!,long,W,1,2014-W46,in_sample
2014-11-10,NK2251!,long,W,1,2014-W46,in_sample
2014-11-10,NQ1!,long,W,1,2014-W46,in_sample
2014-11-12,XAUUSD,long,L,-1,2014-W46,in_sample
2014-11-13,EURUSD,long,W,1,2014-W46,in_sample
2014-11-13,EURUSD,long,L,-1,2014-W46,in_sample
2014-11-13,Z1!,long,BE,0,2014-W46,in_sample
2014-11-14,NQ1!,long,L,-1,2014-W46,in_sample
2014-11-14,NQ1!,long,L,-1,2014-W46,in_sample
2014-11-18,EURUSD,long,W,1,2014-W47,in_sample
2014-11-18,NQ1!,long,BE,0,2014-W47,in_sample
2014-11-18,NQ1!,long,W,1,2014-W47,in_sample
2014-11-18,XAUUSD,long,W,1,2014-W47,in_sample
2014-11-19,EURUSD,long,W,1,2014-W47,in_sample
2014-11-20,NK2251!,short,W,1,2014-W47,in_sample
2014-11-21,EURUSD,long,L,-1,2014-W47,in_sample
2014-11-21,NK2251!,short,L,-1,2014-W47,in_sample
2014-11-24,NQ1!,long,W,1,2014-W48,in_sample
2014-11-24,NQ1!,long,W,1,2014-W48,in_sample
2014-11-25,EURUSD,short,L,-1,2014-W48,in_sample
2014-11-25,EURUSD,short,L,-1,2014-W48,in_sample
2014-12-01,NK2251!,long,W,1,2014-W49,in_sample
2014-12-02,EURUSD,short,W,1,2014-W49,in_sample
2014-12-03,FDAX1!,long,W,1,2014-W49,in_sample
2014-12-03,NK2251!,long,W,1,2014-W49,in_sample
2014-12-03,XAUUSD,long,W,1,2014-W49,in_sample
2014-12-08,Z1!,short,W,1,2014-W50,in_sample
2014-12-10,NQ1!,short,L,-1,2014-W50,in_sample
2014-12-12,ES1!,short,BE,0,2014-W50,in_sample
2014-12-12,EURUSD,long,W,1,2014-W50,in_sample
2014-12-12,NQ1!,short,BE,0,2014-W50,in_sample
2014-12-16,EURUSD,long,BE,0,2014-W51,in_sample
2014-12-16,XAUUSD,long,W,1,2014-W51,in_sample
2014-12-17,XAUUSD,long,L,-1,2014-W51,in_sample
2014-12-19,XAUUSD,long,L,-1,2014-W51,in_sample
2014-12-22,XAUUSD,long,L,-1,2014-W52,in_sample
2014-12-28,EURUSD,short,L,-1,2014-W52,in_sample
2014-12-29,FDAX1!,long,L,-1,2015-W01,in_sample
2014-12-30,ES1!,short,W,1,2015-W01,in_sample
2014-12-30,ES1!,short,BE,0,2015-W01,in_sample
2015-01-07,FDAX1!,long,W,1,2015-W02,in_sample
2015-01-07,XAUUSD,long,L,-1,2015-W02,in_sample
2015-01-09,FDAX1!,long,L,-1,2015-W02,in_sample
2015-01-09,Z1!,short,W,1,2015-W02,in_sample
2015-01-12,Z1!,short,L,-1,2015-W03,in_sample
2015-01-13,EURUSD,short,BE,0,2015-W03,in_sample
2015-01-13,FDAX1!,long,BE,0,2015-W03,in_sample
2015-01-13,FDAX1!,long,BE,0,2015-W03,in_sample
2015-01-14,XAUUSD,long,L,-1,2015-W03,in_sample
2015-01-14,XAUUSD,long,W,1,2015-W03,in_sample
2015-01-14,Z1!,short,W,1,2015-W03,in_sample
2015-01-15,FDAX1!,long,L,-1,2015-W03,in_sample
2015-01-15,Z1!,short,BE,0,2015-W03,in_sample
2015-01-20,EURUSD,short,L,-1,2015-W04,in_sample
2015-01-20,XAUUSD,long,W,1,2015-W04,in_sample
2015-01-22,EURUSD,long,L,-1,2015-W04,in_sample
2015-01-28,XAUUSD,short,W,1,2015-W05,in_sample
2015-01-28,XAUUSD,short,W,1,2015-W05,in_sample
2015-01-28,XAUUSD,short,W,1,2015-W05,in_sample
2015-01-29,XAUUSD,short,W,1,2015-W05,in_sample
2015-02-02,FDAX1!,long,BE,0,2015-W06,in_sample
2015-02-02,NK2251!,short,L,-1,2015-W06,in_sample
2015-02-02,NQ1!,long,L,-1,2015-W06,in_sample
2015-02-03,EURUSD,short,L,-1,2015-W06,in_sample
2015-02-03,EURUSD,short,L,-1,2015-W06,in_sample
2015-02-04,FDAX1!,long,L,-1,2015-W06,in_sample
2015-02-05,NQ1!,long,W,1,2015-W06,in_sample
2015-02-05,Z1!,long,L,-1,2015-W06,in_sample
2015-02-06,NK2251!,long,W,1,2015-W06,in_sample
2015-02-06,NK2251!,long,W,1,2015-W06,in_sample
2015-02-06,XAUUSD,short,W,1,2015-W06,in_sample
2015-02-06,Z1!,long,L,-1,2015-W06,in_sample
2015-02-11,XAUUSD,short,W,1,2015-W07,in_sample
2015-02-12,FDAX1!,long,W,1,2015-W07,in_sample
2015-02-12,Z1!,short,L,-1,2015-W07,in_sample
2015-02-13,Z1!,long,BE,0,2015-W07,in_sample
2015-02-17,EURUSD,long,W,1,2015-W08,in_sample
2015-02-17,EURUSD,long,W,1,2015-W08,in_sample
2015-02-17,NQ1!,long,W,1,2015-W08,in_sample
2015-02-19,EURUSD,long,W,1,2015-W08,in_sample
2015-02-19,FDAX1!,long,BE,0,2015-W08,in_sample
2015-02-24,EURUSD,short,L,-1,2015-W09,in_sample
2015-02-24,XAUUSD,short,W,1,2015-W09,in_sample
2015-02-26,EURUSD,short,W,1,2015-W09,in_sample
2015-02-26,EURUSD,short,W,1,2015-W09,in_sample
2015-02-27,NK2251!,long,W,1,2015-W09,in_sample
2015-02-27,XAUUSD,long,L,-1,2015-W09,in_sample
2015-03-02,NQ1!,long,L,-1,2015-W10,in_sample
2015-03-02,XAUUSD,long,BE,0,2015-W10,in_sample
2015-03-03,EURUSD,short,BE,0,2015-W10,in_sample
2015-03-03,XAUUSD,short,L,-1,2015-W10,in_sample
2015-03-04,EURUSD,short,W,1,2015-W10,in_sample
2015-03-04,XAUUSD,short,L,-1,2015-W10,in_sample
2015-03-04,XAUUSD,short,L,-1,2015-W10,in_sample
2015-03-05,XAUUSD,short,L,-1,2015-W10,in_sample
2015-03-05,XAUUSD,short,BE,0,2015-W10,in_sample
2015-03-06,ES1!,short,W,1,2015-W10,in_sample
2015-03-09,EURUSD,short,W,1,2015-W11,in_sample
2015-03-09,NQ1!,short,L,-1,2015-W11,in_sample
2015-03-11,XAUUSD,short,W,1,2015-W11,in_sample
2015-03-11,XAUUSD,short,W,1,2015-W11,in_sample
2015-03-11,XAUUSD,short,BE,0,2015-W11,in_sample
2015-03-13,EURUSD,short,W,1,2015-W11,in_sample
2015-03-18,EURUSD,short,L,-1,2015-W12,in_sample
2015-03-20,EURUSD,long,W,1,2015-W12,in_sample
2015-03-20,NQ1!,long,W,1,2015-W12,in_sample
2015-03-23,EURUSD,long,W,1,2015-W13,in_sample
2015-03-23,Z1!,long,BE,0,2015-W13,in_sample
2015-03-24,EURUSD,long,L,-1,2015-W13,in_sample
2015-03-24,NK2251!,long,BE,0,2015-W13,in_sample
2015-03-24,NQ1!,long,L,-1,2015-W13,in_sample
2015-03-24,NQ1!,long,W,1,2015-W13,in_sample
2015-03-25,EURUSD,long,W,1,2015-W13,in_sample
2015-03-25,EURUSD,long,W,1,2015-W13,in_sample
2015-03-30,EURUSD,long,L,-1,2015-W14,in_sample
2015-03-31,NK2251!,short,W,1,2015-W14,in_sample
2015-03-31,Z1!,short,W,1,2015-W14,in_sample
2015-03-31,Z1!,short,W,1,2015-W14,in_sample
2015-04-01,XAUUSD,short,L,-1,2015-W14,in_sample
2015-04-02,EURUSD,long,W,1,2015-W14,in_sample
2015-04-02,EURUSD,long,W,1,2015-W14,in_sample
2015-04-02,FDAX1!,long,L,-1,2015-W14,in_sample
2015-04-03,ES1!,short,W,1,2015-W14,in_sample
2015-04-03,EURUSD,long,W,1,2015-W14,in_sample
2015-04-03,NQ1!,short,W,1,2015-W14,in_sample
2015-04-03,NQ1!,short,W,1,2015-W14,in_sample
2015-04-06,ES1!,short,L,-1,2015-W15,in_sample
2015-04-06,EURUSD,long,L,-1,2015-W15,in_sample
2015-04-06,EURUSD,long,L,-1,2015-W15,in_sample
2015-04-08,EURUSD,long,W,1,2015-W15,in_sample
2015-04-08,NQ1!,long,BE,0,2015-W15,in_sample
2015-04-09,ES1!,long,W,1,2015-W15,in_sample
2015-04-09,ES1!,long,L,-1,2015-W15,in_sample
2015-04-13,ES1!,long,W,1,2015-W16,in_sample
2015-04-13,XAUUSD,short,W,1,2015-W16,in_sample
2015-04-13,XAUUSD,short,W,1,2015-W16,in_sample
2015-04-15,Z1!,long,AMBIG,,2015-W16,in_sample
2015-04-20,EURUSD,long,L,-1,2015-W17,in_sample
2015-04-22,ES1!,short,L,-1,2015-W17,in_sample
2015-04-22,EURUSD,long,L,-1,2015-W17,in_sample
2015-04-23,EURUSD,long,W,1,2015-W17,in_sample
2015-04-24,EURUSD,long,BE,0,2015-W17,in_sample
2015-04-27,FDAX1!,long,W,1,2015-W18,in_sample
2015-04-28,FDAX1!,long,L,-1,2015-W18,in_sample
2015-04-29,FDAX1!,long,L,-1,2015-W18,in_sample
2015-04-30,ES1!,short,BE,0,2015-W18,in_sample
2015-05-01,Z1!,long,L,-1,2015-W18,in_sample
2015-05-04,EURUSD,long,L,-1,2015-W19,in_sample
2015-05-04,NQ1!,short,W,1,2015-W19,in_sample
2015-05-06,NQ1!,short,W,1,2015-W19,in_sample
2015-05-08,ES1!,short,L,-1,2015-W19,in_sample
2015-05-08,NQ1!,short,L,-1,2015-W19,in_sample
2015-05-11,ES1!,short,W,1,2015-W20,in_sample
2015-05-12,ES1!,short,W,1,2015-W20,in_sample
2015-05-12,EURUSD,long,W,1,2015-W20,in_sample
2015-05-12,XAUUSD,short,W,1,2015-W20,in_sample
2015-05-13,ES1!,short,L,-1,2015-W20,in_sample
2015-05-13,EURUSD,long,W,1,2015-W20,in_sample
2015-05-13,EURUSD,long,W,1,2015-W20,in_sample
2015-05-14,EURUSD,long,W,1,2015-W20,in_sample
2015-05-14,EURUSD,long,W,1,2015-W20,in_sample
2015-05-14,Z1!,long,W,1,2015-W20,in_sample
2015-05-15,Z1!,long,W,1,2015-W20,in_sample
2015-05-18,XAUUSD,long,W,1,2015-W21,in_sample
2015-05-20,FDAX1!,long,L,-1,2015-W21,in_sample
2015-05-20,NK2251!,long,W,1,2015-W21,in_sample
2015-05-20,Z1!,long,W,1,2015-W21,in_sample
2015-05-21,Z1!,long,AMBIG,,2015-W21,in_sample
2015-05-21,Z1!,long,W,1,2015-W21,in_sample
2015-05-26,NQ1!,short,W,1,2015-W22,in_sample
2015-05-28,ES1!,short,W,1,2015-W22,in_sample
2015-05-28,ES1!,short,L,-1,2015-W22,in_sample
2015-05-28,NK2251!,long,L,-1,2015-W22,in_sample
2015-05-29,Z1!,long,BE,0,2015-W22,in_sample
2015-05-29,Z1!,long,BE,0,2015-W22,in_sample
2015-06-01,ES1!,short,L,-1,2015-W23,in_sample
2015-06-02,ES1!,short,W,1,2015-W23,in_sample
2015-06-02,EURUSD,long,W,1,2015-W23,in_sample
2015-06-03,NQ1!,short,L,-1,2015-W23,in_sample
2015-06-03,Z1!,long,L,-1,2015-W23,in_sample
2015-06-04,ES1!,short,BE,0,2015-W23,in_sample
2015-06-11,NQ1!,long,W,1,2015-W24,in_sample
2015-06-15,FDAX1!,short,W,1,2015-W25,in_sample
2015-06-16,EURUSD,long,W,1,2015-W25,in_sample
2015-06-16,EURUSD,long,L,-1,2015-W25,in_sample
2015-06-16,FDAX1!,short,W,1,2015-W25,in_sample
2015-06-16,NK2251!,short,W,1,2015-W25,in_sample
2015-06-17,XAUUSD,short,L,-1,2015-W25,in_sample
2015-06-18,NK2251!,short,W,1,2015-W25,in_sample
2015-06-19,Z1!,short,L,-1,2015-W25,in_sample
2015-06-22,NQ1!,long,W,1,2015-W26,in_sample
2015-06-24,NQ1!,long,BE,0,2015-W26,in_sample
2015-06-25,ES1!,long,W,1,2015-W26,in_sample
2015-06-25,EURUSD,short,BE,0,2015-W26,in_sample
2015-06-25,FDAX1!,long,L,-1,2015-W26,in_sample
2015-06-26,EURUSD,short,L,-1,2015-W26,in_sample
2015-06-26,EURUSD,short,W,1,2015-W26,in_sample
2015-06-29,FDAX1!,short,W,1,2015-W27,in_sample
2015-07-02,EURUSD,long,L,-1,2015-W27,in_sample
2015-07-02,EURUSD,long,W,1,2015-W27,in_sample
2015-07-02,FDAX1!,short,W,1,2015-W27,in_sample
2015-07-02,XAUUSD,short,W,1,2015-W27,in_sample
2015-07-03,NQ1!,long,W,1,2015-W27,in_sample
2015-07-05,NK2251!,short,W,1,2015-W27,in_sample
2015-07-06,EURUSD,long,L,-1,2015-W28,in_sample
2015-07-06,FDAX1!,short,W,1,2015-W28,in_sample
2015-07-07,XAUUSD,short,W,1,2015-W28,in_sample
2015-07-08,NK2251!,short,W,1,2015-W28,in_sample
2015-07-10,ES1!,long,W,1,2015-W28,in_sample
2015-07-10,ES1!,long,L,-1,2015-W28,in_sample
2015-07-13,ES1!,long,BE,0,2015-W29,in_sample
2015-07-13,XAUUSD,short,W,1,2015-W29,in_sample
2015-07-13,XAUUSD,short,W,1,2015-W29,in_sample
2015-07-14,NK2251!,short,L,-1,2015-W29,in_sample
2015-07-15,Z1!,long,BE,0,2015-W29,in_sample
2015-07-24,XAUUSD,short,L,-1,2015-W30,in_sample
2015-07-28,EURUSD,long,W,1,2015-W31,in_sample
2015-07-29,NK2251!,long,W,1,2015-W31,in_sample
2015-07-31,XAUUSD,short,L,-1,2015-W31,in_sample
2015-08-03,EURUSD,short,W,1,2015-W32,in_sample
2015-08-03,Z1!,short,W,1,2015-W32,in_sample
2015-08-04,EURUSD,short,W,1,2015-W32,in_sample
2015-08-04,EURUSD,short,W,1,2015-W32,in_sample
2015-08-05,NK2251!,long,W,1,2015-W32,in_sample
2015-08-05,NK2251!,long,W,1,2015-W32,in_sample
2015-08-05,NK2251!,long,L,-1,2015-W32,in_sample
2015-08-06,Z1!,short,L,-1,2015-W32,in_sample
2015-08-07,EURUSD,short,L,-1,2015-W32,in_sample
2015-08-07,Z1!,short,L,-1,2015-W32,in_sample
2015-08-07,Z1!,short,L,-1,2015-W32,in_sample
2015-08-10,NK2251!,long,W,1,2015-W33,in_sample
2015-08-10,NK2251!,long,BE,0,2015-W33,in_sample
2015-08-11,XAUUSD,long,W,1,2015-W33,in_sample
2015-08-13,ES1!,short,W,1,2015-W33,in_sample
2015-08-13,NQ1!,short,W,1,2015-W33,in_sample
2015-08-14,ES1!,short,L,-1,2015-W33,in_sample
2015-08-14,EURUSD,long,L,-1,2015-W33,in_sample
2015-08-14,NQ1!,short,L,-1,2015-W33,in_sample
2015-08-14,Z1!,short,W,1,2015-W33,in_sample
2015-08-17,XAUUSD,long,L,-1,2015-W34,in_sample
2015-08-17,Z1!,short,W,1,2015-W34,in_sample
2015-08-18,Z1!,short,BE,0,2015-W34,in_sample
2015-08-19,XAUUSD,long,AMBIG,,2015-W34,in_sample
2015-08-19,Z1!,short,BE,0,2015-W34,in_sample
2015-08-20,NQ1!,short,W,1,2015-W34,in_sample
2015-08-24,XAUUSD,long,W,1,2015-W35,in_sample
2015-08-24,XAUUSD,long,BE,0,2015-W35,in_sample
2015-08-25,ES1!,short,L,-1,2015-W35,in_sample
2015-08-27,XAUUSD,short,L,-1,2015-W35,in_sample
2015-08-28,EURUSD,long,L,-1,2015-W35,in_sample
2015-08-30,NQ1!,short,W,1,2015-W35,in_sample
2015-08-30,NQ1!,short,W,1,2015-W35,in_sample
2015-08-30,XAUUSD,short,W,1,2015-W35,in_sample
2015-08-31,FDAX1!,short,W,1,2015-W36,in_sample
2015-08-31,NQ1!,short,L,-1,2015-W36,in_sample
2015-08-31,NQ1!,short,W,1,2015-W36,in_sample
2015-09-01,FDAX1!,short,W,1,2015-W36,in_sample
2015-09-01,NQ1!,short,W,1,2015-W36,in_sample
2015-09-01,Z1!,short,W,1,2015-W36,in_sample
2015-09-02,ES1!,long,L,-1,2015-W36,in_sample
2015-09-02,NK2251!,long,L,-1,2015-W36,in_sample
2015-09-02,NQ1!,short,L,-1,2015-W36,in_sample
2015-09-03,ES1!,long,W,1,2015-W36,in_sample
2015-09-03,NK2251!,long,L,-1,2015-W36,in_sample
2015-09-03,XAUUSD,long,L,-1,2015-W36,in_sample
2015-09-08,ES1!,long,W,1,2015-W37,in_sample
2015-09-08,ES1!,long,W,1,2015-W37,in_sample
2015-09-08,NK2251!,short,W,1,2015-W37,in_sample
2015-09-09,EURUSD,short,L,-1,2015-W37,in_sample
2015-09-13,ES1!,long,L,-1,2015-W37,in_sample
2015-09-15,EURUSD,long,L,-1,2015-W38,in_sample
2015-09-15,EURUSD,long,L,-1,2015-W38,in_sample
2015-09-15,NQ1!,long,BE,0,2015-W38,in_sample
2015-09-16,ES1!,long,BE,0,2015-W38,in_sample
2015-09-16,NK2251!,long,W,1,2015-W38,in_sample
2015-09-16,NQ1!,long,BE,0,2015-W38,in_sample
2015-09-16,NQ1!,long,BE,0,2015-W38,in_sample
2015-09-16,Z1!,long,W,1,2015-W38,in_sample
2015-09-17,ES1!,long,BE,0,2015-W38,in_sample
2015-09-17,EURUSD,long,W,1,2015-W38,in_sample
2015-09-17,XAUUSD,long,W,1,2015-W38,in_sample
2015-09-21,EURUSD,long,L,-1,2015-W39,in_sample
2015-09-21,Z1!,long,L,-1,2015-W39,in_sample
2015-09-24,FDAX1!,short,W,1,2015-W39,in_sample
2015-09-24,NQ1!,short,W,1,2015-W39,in_sample
2015-09-25,ES1!,short,W,1,2015-W39,in_sample
2015-09-27,NK2251!,short,W,1,2015-W39,in_sample
2015-09-28,ES1!,short,W,1,2015-W40,in_sample
2015-09-28,EURUSD,long,L,-1,2015-W40,in_sample
2015-09-28,EURUSD,long,L,-1,2015-W40,in_sample
2015-09-28,Z1!,short,W,1,2015-W40,in_sample
2015-09-29,NQ1!,short,W,1,2015-W40,in_sample
2015-10-02,ES1!,short,L,-1,2015-W40,in_sample
2015-10-02,EURUSD,long,BE,0,2015-W40,in_sample
2015-10-02,EURUSD,long,AMBIG,,2015-W40,in_sample
2015-10-02,FDAX1!,short,L,-1,2015-W40,in_sample
2015-10-02,NK2251!,short,L,-1,2015-W40,in_sample
2015-10-07,EURUSD,long,L,-1,2015-W41,in_sample
2015-10-08,EURUSD,long,BE,0,2015-W41,in_sample
2015-10-08,NK2251!,long,W,1,2015-W41,in_sample
2015-10-14,Z1!,short,BE,0,2015-W42,in_sample
2015-10-15,NK2251!,short,L,-1,2015-W42,in_sample
2015-10-19,NK2251!,long,W,1,2015-W43,in_sample
2015-10-19,XAUUSD,long,W,1,2015-W43,in_sample
2015-10-19,Z1!,long,L,-1,2015-W43,in_sample
2015-10-20,ES1!,long,BE,0,2015-W43,in_sample
2015-10-20,Z1!,long,L,-1,2015-W43,in_sample
2015-10-21,FDAX1!,long,BE,0,2015-W43,in_sample
2015-10-21,Z1!,long,W,1,2015-W43,in_sample
2015-10-22,EURUSD,short,W,1,2015-W43,in_sample
2015-10-22,EURUSD,short,W,1,2015-W43,in_sample
2015-10-22,XAUUSD,long,W,1,2015-W43,in_sample
2015-10-22,XAUUSD,long,L,-1,2015-W43,in_sample
2015-10-22,Z1!,long,W,1,2015-W43,in_sample
2015-10-23,XAUUSD,long,W,1,2015-W43,in_sample
2015-10-23,XAUUSD,long,L,-1,2015-W43,in_sample
2015-10-27,EURUSD,short,L,-1,2015-W44,in_sample
2015-10-27,NK2251!,long,W,1,2015-W44,in_sample
2015-10-27,XAUUSD,short,L,-1,2015-W44,in_sample
2015-10-28,ES1!,long,L,-1,2015-W44,in_sample
2015-10-28,FDAX1!,long,W,1,2015-W44,in_sample
2015-10-28,XAUUSD,short,L,-1,2015-W44,in_sample
2015-10-28,Z1!,long,L,-1,2015-W44,in_sample
2015-11-03,EURUSD,short,W,1,2015-W45,in_sample
2015-11-03,EURUSD,short,W,1,2015-W45,in_sample
2015-11-03,Z1!,long,L,-1,2015-W45,in_sample
2015-11-04,EURUSD,short,W,1,2015-W45,in_sample
2015-11-04,EURUSD,short,W,1,2015-W45,in_sample
2015-11-04,EURUSD,short,W,1,2015-W45,in_sample
2015-11-05,NQ1!,long,L,-1,2015-W45,in_sample
2015-11-05,Z1!,long,L,-1,2015-W45,in_sample
2015-11-06,EURUSD,short,W,1,2015-W45,in_sample
2015-11-09,ES1!,short,W,1,2015-W46,in_sample
2015-11-10,EURUSD,short,W,1,2015-W46,in_sample
2015-11-10,XAUUSD,short,BE,0,2015-W46,in_sample
2015-11-12,NQ1!,short,BE,0,2015-W46,in_sample
2015-11-12,Z1!,short,L,-1,2015-W46,in_sample
2015-11-19,XAUUSD,short,W,1,2015-W47,in_sample
2015-11-22,XAUUSD,short,W,1,2015-W47,in_sample
2015-11-23,FDAX1!,long,L,-1,2015-W48,in_sample
2015-11-23,XAUUSD,short,L,-1,2015-W48,in_sample
2015-11-24,NK2251!,long,BE,0,2015-W48,in_sample
2015-11-24,NQ1!,long,L,-1,2015-W48,in_sample
2015-11-24,Z1!,long,L,-1,2015-W48,in_sample
2015-11-25,NK2251!,long,W,1,2015-W48,in_sample
2015-11-25,XAUUSD,short,W,1,2015-W48,in_sample
2015-11-25,Z1!,long,W,1,2015-W48,in_sample
2015-11-26,Z1!,long,AMBIG,,2015-W48,in_sample
2015-11-27,XAUUSD,short,W,1,2015-W48,in_sample
2015-11-27,XAUUSD,short,W,1,2015-W48,in_sample
2015-11-27,XAUUSD,short,BE,0,2015-W48,in_sample
2015-11-30,ES1!,long,L,-1,2015-W49,in_sample
2015-11-30,EURUSD,short,BE,0,2015-W49,in_sample
2015-11-30,EURUSD,short,BE,0,2015-W49,in_sample
2015-11-30,FDAX1!,long,BE,0,2015-W49,in_sample
2015-11-30,NQ1!,long,L,-1,2015-W49,in_sample
2015-12-01,ES1!,short,W,1,2015-W49,in_sample
2015-12-01,Z1!,long,BE,0,2015-W49,in_sample
2015-12-01,Z1!,long,W,1,2015-W49,in_sample
2015-12-02,XAUUSD,short,W,1,2015-W49,in_sample
2015-12-03,NQ1!,long,W,1,2015-W49,in_sample
2015-12-07,NQ1!,short,AMBIG,,2015-W50,in_sample
2015-12-08,EURUSD,long,W,1,2015-W50,in_sample
2015-12-08,NK2251!,short,W,1,2015-W50,in_sample
2015-12-08,XAUUSD,long,W,1,2015-W50,in_sample
2015-12-08,Z1!,short,BE,0,2015-W50,in_sample
2015-12-09,EURUSD,long,W,1,2015-W50,in_sample
2015-12-09,NQ1!,short,W,1,2015-W50,in_sample
2015-12-09,XAUUSD,long,L,-1,2015-W50,in_sample
2015-12-09,XAUUSD,long,W,1,2015-W50,in_sample
2015-12-09,XAUUSD,long,L,-1,2015-W50,in_sample
2015-12-10,ES1!,short,L,-1,2015-W50,in_sample
2015-12-11,EURUSD,long,W,1,2015-W50,in_sample
2015-12-11,FDAX1!,short,W,1,2015-W50,in_sample
2015-12-14,EURUSD,long,BE,0,2015-W51,in_sample
2015-12-15,ES1!,short,L,-1,2015-W51,in_sample
2015-12-17,XAUUSD,short,W,1,2015-W51,in_sample
2015-12-17,Z1!,short,W,1,2015-W51,in_sample
2015-12-17,Z1!,short,W,1,2015-W51,in_sample
2015-12-18,NQ1!,short,W,1,2015-W51,in_sample
2015-12-18,Z1!,short,L,-1,2015-W51,in_sample
2015-12-18,Z1!,short,W,1,2015-W51,in_sample
2015-12-22,NK2251!,short,L,-1,2015-W52,in_sample
2015-12-22,NK2251!,short,L,-1,2015-W52,in_sample
2015-12-22,XAUUSD,long,L,-1,2015-W52,in_sample
2015-12-28,XAUUSD,short,W,1,2015-W53,in_sample
2015-12-29,NK2251!,long,W,1,2015-W53,in_sample
2016-01-05,Z1!,long,L,-1,2016-W01,in_sample
2016-01-05,Z1!,long,L,-1,2016-W01,in_sample
2016-01-06,EURUSD,short,L,-1,2016-W01,in_sample
2016-01-08,EURUSD,long,W,1,2016-W01,in_sample
2016-01-14,EURUSD,long,L,-1,2016-W02,in_sample
2016-01-14,XAUUSD,short,W,1,2016-W02,in_sample
2016-01-15,EURUSD,long,BE,0,2016-W02,in_sample
2016-01-19,EURUSD,long,L,-1,2016-W03,in_sample
2016-01-19,FDAX1!,short,W,1,2016-W03,in_sample
2016-01-22,XAUUSD,long,W,1,2016-W03,in_sample
2016-01-25,ES1!,short,W,1,2016-W04,in_sample
2016-01-25,NK2251!,short,W,1,2016-W04,in_sample
2016-01-25,NQ1!,long,L,-1,2016-W04,in_sample
2016-01-26,NK2251!,short,L,-1,2016-W04,in_sample
2016-01-27,NQ1!,short,L,-1,2016-W04,in_sample
2016-01-27,Z1!,long,W,1,2016-W04,in_sample
2016-01-29,XAUUSD,short,L,-1,2016-W04,in_sample
2016-02-01,EURUSD,long,W,1,2016-W05,in_sample
2016-02-03,EURUSD,long,W,1,2016-W05,in_sample
2016-02-03,NQ1!,long,W,1,2016-W05,in_sample
2016-02-03,XAUUSD,long,BE,0,2016-W05,in_sample
2016-02-05,Z1!,short,W,1,2016-W05,in_sample
2016-02-08,ES1!,long,L,-1,2016-W06,in_sample
2016-02-08,Z1!,short,W,1,2016-W06,in_sample
2016-02-10,XAUUSD,long,W,1,2016-W06,in_sample
2016-02-11,EURUSD,long,W,1,2016-W06,in_sample
2016-02-11,EURUSD,long,BE,0,2016-W06,in_sample
2016-02-17,XAUUSD,long,L,-1,2016-W07,in_sample
2016-02-18,NK2251!,short,W,1,2016-W07,in_sample
2016-02-19,NK2251!,short,L,-1,2016-W07,in_sample
2016-02-19,Z1!,long,L,-1,2016-W07,in_sample
2016-02-22,EURUSD,short,W,1,2016-W08,in_sample
2016-02-23,FDAX1!,long,L,-1,2016-W08,in_sample
2016-02-23,XAUUSD,long,W,1,2016-W08,in_sample
2016-02-23,Z1!,long,L,-1,2016-W08,in_sample
2016-02-23,Z1!,long,L,-1,2016-W08,in_sample
2016-02-24,XAUUSD,long,W,1,2016-W08,in_sample
2016-02-25,EURUSD,short,L,-1,2016-W08,in_sample
2016-02-25,NQ1!,short,L,-1,2016-W08,in_sample
2016-02-25,XAUUSD,long,L,-1,2016-W08,in_sample
2016-02-29,FDAX1!,short,L,-1,2016-W09,in_sample
2016-03-01,ES1!,long,W,1,2016-W09,in_sample
2016-03-01,NQ1!,long,W,1,2016-W09,in_sample
2016-03-02,XAUUSD,long,W,1,2016-W09,in_sample
2016-03-03,XAUUSD,long,W,1,2016-W09,in_sample
2016-03-04,NQ1!,long,W,1,2016-W09,in_sample
2016-03-04,Z1!,long,AMBIG,,2016-W09,in_sample
2016-03-08,XAUUSD,long,L,-1,2016-W10,in_sample
2016-03-10,ES1!,long,W,1,2016-W10,in_sample
2016-03-10,ES1!,long,W,1,2016-W10,in_sample
2016-03-10,FDAX1!,long,BE,0,2016-W10,in_sample
2016-03-10,Z1!,long,L,-1,2016-W10,in_sample
2016-03-15,Z1!,short,W,1,2016-W11,in_sample
2016-03-16,Z1!,short,L,-1,2016-W11,in_sample
2016-03-21,ES1!,long,W,1,2016-W12,in_sample
2016-03-21,Z1!,short,L,-1,2016-W12,in_sample
2016-03-22,XAUUSD,long,W,1,2016-W12,in_sample
2016-03-22,Z1!,short,W,1,2016-W12,in_sample
2016-03-24,XAUUSD,short,W,1,2016-W12,in_sample
2016-03-29,ES1!,short,L,-1,2016-W13,in_sample
2016-03-29,ES1!,short,L,-1,2016-W13,in_sample
2016-03-29,FDAX1!,long,W,1,2016-W13,in_sample
2016-03-31,NK2251!,long,L,-1,2016-W13,in_sample
2016-03-31,XAUUSD,long,W,1,2016-W13,in_sample
2016-04-01,XAUUSD,long,L,-1,2016-W13,in_sample
2016-04-04,Z1!,long,W,1,2016-W14,in_sample
2016-04-06,NQ1!,long,W,1,2016-W14,in_sample
2016-04-07,ES1!,short,W,1,2016-W14,in_sample
2016-04-07,NQ1!,long,L,-1,2016-W14,in_sample
2016-04-07,Z1!,short,L,-1,2016-W14,in_sample
2016-04-08,EURUSD,long,W,1,2016-W14,in_sample
2016-04-08,EURUSD,long,W,1,2016-W14,in_sample
2016-04-11,EURUSD,long,L,-1,2016-W15,in_sample
2016-04-11,EURUSD,long,L,-1,2016-W15,in_sample
2016-04-11,NK2251!,long,W,1,2016-W15,in_sample
2016-04-11,NQ1!,short,BE,0,2016-W15,in_sample
2016-04-12,EURUSD,long,W,1,2016-W15,in_sample
2016-04-12,EURUSD,long,BE,0,2016-W15,in_sample
2016-04-12,NK2251!,long,W,1,2016-W15,in_sample
2016-04-18,XAUUSD,short,AMBIG,,2016-W16,in_sample
2016-04-18,Z1!,long,W,1,2016-W16,in_sample
2016-04-19,Z1!,long,W,1,2016-W16,in_sample
2016-04-25,ES1!,long,W,1,2016-W17,in_sample
2016-04-26,ES1!,long,L,-1,2016-W17,in_sample
2016-04-26,ES1!,long,L,-1,2016-W17,in_sample
2016-04-26,EURUSD,short,L,-1,2016-W17,in_sample
2016-04-26,NK2251!,long,L,-1,2016-W17,in_sample
2016-04-26,XAUUSD,short,L,-1,2016-W17,in_sample
2016-04-27,ES1!,long,L,-1,2016-W17,in_sample
2016-04-27,Z1!,short,L,-1,2016-W17,in_sample
2016-05-03,XAUUSD,long,L,-1,2016-W18,in_sample
2016-05-04,NQ1!,short,W,1,2016-W18,in_sample
2016-05-04,NQ1!,short,BE,0,2016-W18,in_sample
2016-05-04,Z1!,short,W,1,2016-W18,in_sample
2016-05-05,Z1!,short,AMBIG,,2016-W18,in_sample
2016-05-05,Z1!,short,BE,0,2016-W18,in_sample
2016-05-06,Z1!,short,W,1,2016-W18,in_sample
2016-05-06,Z1!,short,AMBIG,,2016-W18,in_sample
2016-05-10,EURUSD,short,L,-1,2016-W19,in_sample
2016-05-10,Z1!,long,W,1,2016-W19,in_sample
2016-05-17,EURUSD,short,L,-1,2016-W20,in_sample
2016-05-17,FDAX1!,long,L,-1,2016-W20,in_sample
2016-05-18,ES1!,short,L,-1,2016-W20,in_sample
2016-05-18,ES1!,short,L,-1,2016-W20,in_sample
2016-05-18,FDAX1!,long,W,1,2016-W20,in_sample
2016-05-18,NQ1!,short,L,-1,2016-W20,in_sample
2016-05-20,Z1!,long,L,-1,2016-W20,in_sample
2016-05-23,Z1!,long,L,-1,2016-W21,in_sample
2016-05-23,Z1!,long,L,-1,2016-W21,in_sample
2016-05-24,FDAX1!,long,W,1,2016-W21,in_sample
2016-05-24,FDAX1!,long,BE,0,2016-W21,in_sample
2016-05-24,Z1!,long,W,1,2016-W21,in_sample
2016-05-26,XAUUSD,short,L,-1,2016-W21,in_sample
2016-05-27,EURUSD,short,W,1,2016-W21,in_sample
2016-05-27,XAUUSD,short,W,1,2016-W21,in_sample
2016-05-31,NQ1!,long,BE,0,2016-W22,in_sample
2016-05-31,XAUUSD,short,L,-1,2016-W22,in_sample
2016-05-31,Z1!,long,BE,0,2016-W22,in_sample
2016-06-02,ES1!,long,BE,0,2016-W22,in_sample
2016-06-03,EURUSD,long,L,-1,2016-W22,in_sample
2016-06-03,EURUSD,long,L,-1,2016-W22,in_sample
2016-06-03,NQ1!,short,L,-1,2016-W22,in_sample
2016-06-03,NQ1!,short,L,-1,2016-W22,in_sample
2016-06-08,EURUSD,long,W,1,2016-W23,in_sample
2016-06-14,EURUSD,short,W,1,2016-W24,in_sample
2016-06-21,ES1!,long,W,1,2016-W25,in_sample
2016-06-22,EURUSD,long,W,1,2016-W25,in_sample
2016-06-22,NQ1!,long,W,1,2016-W25,in_sample
2016-06-23,ES1!,long,W,1,2016-W25,in_sample
2016-06-23,ES1!,long,BE,0,2016-W25,in_sample
2016-06-23,EURUSD,long,W,1,2016-W25,in_sample
2016-06-23,NQ1!,long,L,-1,2016-W25,in_sample
2016-06-23,NQ1!,long,BE,0,2016-W25,in_sample
2016-06-30,EURUSD,short,L,-1,2016-W26,in_sample
2016-06-30,EURUSD,short,W,1,2016-W26,in_sample
2016-06-30,FDAX1!,short,L,-1,2016-W26,in_sample
2016-07-01,NQ1!,short,W,1,2016-W26,in_sample
2016-07-04,EURUSD,short,L,-1,2016-W27,in_sample
2016-07-05,XAUUSD,long,BE,0,2016-W27,in_sample
2016-07-06,ES1!,short,L,-1,2016-W27,in_sample
2016-07-06,ES1!,short,L,-1,2016-W27,in_sample
2016-07-06,EURUSD,short,L,-1,2016-W27,in_sample
2016-07-06,NQ1!,short,L,-1,2016-W27,in_sample
2016-07-08,EURUSD,short,W,1,2016-W27,in_sample
2016-07-08,XAUUSD,long,AMBIG,,2016-W27,in_sample
2016-07-12,EURUSD,short,L,-1,2016-W28,in_sample
2016-07-13,EURUSD,short,L,-1,2016-W28,in_sample
2016-07-14,ES1!,long,W,1,2016-W28,in_sample
2016-07-15,EURUSD,short,W,1,2016-W28,in_sample
2016-07-15,EURUSD,short,W,1,2016-W28,in_sample
2016-07-15,NQ1!,long,L,-1,2016-W28,in_sample
2016-07-19,EURUSD,short,W,1,2016-W29,in_sample
2016-07-19,EURUSD,short,L,-1,2016-W29,in_sample
2016-07-19,XAUUSD,long,W,1,2016-W29,in_sample
2016-07-19,Z1!,short,L,-1,2016-W29,in_sample
2016-07-19,Z1!,short,L,-1,2016-W29,in_sample
2016-07-20,EURUSD,short,L,-1,2016-W29,in_sample
2016-07-20,EURUSD,short,L,-1,2016-W29,in_sample
2016-07-20,XAUUSD,long,BE,0,2016-W29,in_sample
2016-07-20,XAUUSD,long,BE,0,2016-W29,in_sample
2016-07-21,EURUSD,short,L,-1,2016-W29,in_sample
2016-07-22,EURUSD,short,L,-1,2016-W29,in_sample
2016-07-22,NK2251!,long,L,-1,2016-W29,in_sample
2016-07-22,Z1!,long,L,-1,2016-W29,in_sample
2016-07-24,NK2251!,long,L,-1,2016-W29,in_sample
2016-07-25,FDAX1!,long,W,1,2016-W30,in_sample
2016-07-25,XAUUSD,short,W,1,2016-W30,in_sample
2016-07-25,XAUUSD,short,L,-1,2016-W30,in_sample
2016-07-26,NQ1!,long,W,1,2016-W30,in_sample
2016-07-27,EURUSD,short,L,-1,2016-W30,in_sample
2016-07-27,Z1!,long,W,1,2016-W30,in_sample
2016-07-29,XAUUSD,long,BE,0,2016-W30,in_sample
2016-08-01,Z1!,long,W,1,2016-W31,in_sample
2016-08-02,EURUSD,long,W,1,2016-W31,in_sample
2016-08-02,XAUUSD,long,W,1,2016-W31,in_sample
2016-08-04,ES1!,short,L,-1,2016-W31,in_sample
2016-08-08,NQ1!,long,W,1,2016-W32,in_sample
2016-08-09,ES1!,long,W,1,2016-W32,in_sample
2016-08-09,NQ1!,long,W,1,2016-W32,in_sample
2016-08-10,ES1!,long,L,-1,2016-W32,in_sample
2016-08-10,ES1!,long,W,1,2016-W32,in_sample
2016-08-12,XAUUSD,long,W,1,2016-W32,in_sample
2016-08-15,XAUUSD,long,W,1,2016-W33,in_sample
2016-08-17,XAUUSD,long,AMBIG,,2016-W33,in_sample
2016-08-19,ES1!,short,W,1,2016-W33,in_sample
2016-08-19,NQ1!,short,W,1,2016-W33,in_sample
2016-08-19,NQ1!,short,L,-1,2016-W33,in_sample
2016-08-22,Z1!,short,AMBIG,,2016-W34,in_sample
2016-08-23,EURUSD,long,W,1,2016-W34,in_sample
2016-08-24,FDAX1!,short,W,1,2016-W34,in_sample
2016-08-24,XAUUSD,short,W,1,2016-W34,in_sample
2016-08-25,EURUSD,long,W,1,2016-W34,in_sample
2016-08-25,EURUSD,long,L,-1,2016-W34,in_sample
2016-08-26,EURUSD,long,AMBIG,,2016-W34,in_sample
2016-08-26,FDAX1!,short,L,-1,2016-W34,in_sample
2016-08-26,FDAX1!,short,L,-1,2016-W34,in_sample
2016-08-29,FDAX1!,short,L,-1,2016-W35,in_sample
2016-08-30,NQ1!,short,W,1,2016-W35,in_sample
2016-08-31,ES1!,short,W,1,2016-W35,in_sample
2016-08-31,NQ1!,short,W,1,2016-W35,in_sample
2016-08-31,Z1!,short,L,-1,2016-W35,in_sample
2016-09-01,ES1!,short,BE,0,2016-W35,in_sample
2016-09-01,XAUUSD,short,BE,0,2016-W35,in_sample
2016-09-02,FDAX1!,long,L,-1,2016-W35,in_sample
2016-09-05,EURUSD,short,L,-1,2016-W36,in_sample
2016-09-07,FDAX1!,long,BE,0,2016-W36,in_sample
2016-09-08,Z1!,long,W,1,2016-W36,in_sample
2016-09-13,ES1!,short,W,1,2016-W37,in_sample
2016-09-13,EURUSD,short,L,-1,2016-W37,in_sample
2016-09-13,NQ1!,short,W,1,2016-W37,in_sample
2016-09-13,NQ1!,short,W,1,2016-W37,in_sample
2016-09-14,ES1!,short,W,1,2016-W37,in_sample
2016-09-14,ES1!,short,L,-1,2016-W37,in_sample
2016-09-14,NK2251!,short,W,1,2016-W37,in_sample
2016-09-15,EURUSD,short,W,1,2016-W37,in_sample
2016-09-15,XAUUSD,short,L,-1,2016-W37,in_sample
2016-09-16,ES1!,short,W,1,2016-W37,in_sample
2016-09-16,EURUSD,short,W,1,2016-W37,in_sample
2016-09-20,EURUSD,short,L,-1,2016-W38,in_sample
2016-09-20,XAUUSD,short,L,-1,2016-W38,in_sample
2016-09-21,ES1!,long,L,-1,2016-W38,in_sample
2016-09-23,EURUSD,short,L,-1,2016-W38,in_sample
2016-09-23,XAUUSD,long,W,1,2016-W38,in_sample
2016-09-27,EURUSD,short,W,1,2016-W39,in_sample
2016-09-27,NQ1!,long,W,1,2016-W39,in_sample
2016-09-28,ES1!,short,L,-1,2016-W39,in_sample
2016-09-28,EURUSD,short,W,1,2016-W39,in_sample
2016-09-28,FDAX1!,long,W,1,2016-W39,in_sample
2016-09-28,FDAX1!,long,L,-1,2016-W39,in_sample
2016-09-28,NK2251!,short,L,-1,2016-W39,in_sample
2016-09-28,NQ1!,long,L,-1,2016-W39,in_sample
2016-09-28,Z1!,long,W,1,2016-W39,in_sample
2016-09-28,Z1!,long,W,1,2016-W39,in_sample
2016-09-29,NQ1!,long,L,-1,2016-W39,in_sample
2016-09-29,Z1!,long,L,-1,2016-W39,in_sample
2016-09-29,Z1!,long,L,-1,2016-W39,in_sample
2016-09-30,EURUSD,short,L,-1,2016-W39,in_sample
2016-09-30,EURUSD,short,W,1,2016-W39,in_sample
2016-09-30,NQ1!,long,L,-1,2016-W39,in_sample
2016-10-03,ES1!,short,W,1,2016-W40,in_sample
2016-10-03,EURUSD,short,W,1,2016-W40,in_sample
2016-10-03,EURUSD,short,W,1,2016-W40,in_sample
2016-10-03,NK2251!,long,L,-1,2016-W40,in_sample
2016-10-03,NK2251!,long,W,1,2016-W40,in_sample
2016-10-03,Z1!,long,W,1,2016-W40,in_sample
2016-10-04,ES1!,short,L,-1,2016-W40,in_sample
2016-10-04,EURUSD,short,BE,0,2016-W40,in_sample
2016-10-04,EURUSD,short,L,-1,2016-W40,in_sample
2016-10-04,NQ1!,long,L,-1,2016-W40,in_sample
2016-10-04,NQ1!,long,L,-1,2016-W40,in_sample
2016-10-05,NQ1!,long,W,1,2016-W40,in_sample
2016-10-06,ES1!,short,W,1,2016-W40,in_sample
2016-10-06,EURUSD,short,W,1,2016-W40,in_sample
2016-10-06,EURUSD,short,W,1,2016-W40,in_sample
2016-10-06,Z1!,long,L,-1,2016-W40,in_sample
2016-10-07,NQ1!,long,L,-1,2016-W40,in_sample
2016-10-07,Z1!,long,L,-1,2016-W40,in_sample
2016-10-10,FDAX1!,long,W,1,2016-W41,in_sample
2016-10-11,ES1!,short,BE,0,2016-W41,in_sample
2016-10-11,XAUUSD,short,L,-1,2016-W41,in_sample
2016-10-12,XAUUSD,short,L,-1,2016-W41,in_sample
2016-10-13,EURUSD,short,BE,0,2016-W41,in_sample
2016-10-14,NQ1!,short,L,-1,2016-W41,in_sample
2016-10-16,NK2251!,short,L,-1,2016-W41,in_sample
2016-10-17,ES1!,long,L,-1,2016-W42,in_sample
2016-10-17,NK2251!,short,L,-1,2016-W42,in_sample
2016-10-17,Z1!,short,W,1,2016-W42,in_sample
2016-10-17,Z1!,short,L,-1,2016-W42,in_sample
2016-10-18,ES1!,long,W,1,2016-W42,in_sample
2016-10-18,ES1!,long,W,1,2016-W42,in_sample
2016-10-19,ES1!,long,BE,0,2016-W42,in_sample
2016-10-19,EURUSD,short,BE,0,2016-W42,in_sample
2016-10-19,NQ1!,short,L,-1,2016-W42,in_sample
2016-10-20,NQ1!,short,L,-1,2016-W42,in_sample
2016-10-24,ES1!,long,W,1,2016-W43,in_sample
2016-10-24,EURUSD,short,L,-1,2016-W43,in_sample
2016-10-24,NK2251!,long,W,1,2016-W43,in_sample
2016-10-24,XAUUSD,long,L,-1,2016-W43,in_sample
2016-10-25,EURUSD,short,BE,0,2016-W43,in_sample
2016-10-26,Z1!,short,W,1,2016-W43,in_sample
2016-10-27,ES1!,long,W,1,2016-W43,in_sample
2016-10-27,NQ1!,long,W,1,2016-W43,in_sample
2016-10-27,XAUUSD,long,W,1,2016-W43,in_sample
2016-10-27,XAUUSD,long,W,1,2016-W43,in_sample
2016-10-28,EURUSD,long,W,1,2016-W43,in_sample
2016-10-28,EURUSD,long,W,1,2016-W43,in_sample
2016-10-28,EURUSD,long,W,1,2016-W43,in_sample
2016-10-28,FDAX1!,short,BE,0,2016-W43,in_sample
2016-11-01,Z1!,short,W,1,2016-W44,in_sample
2016-11-04,EURUSD,long,BE,0,2016-W44,in_sample
2016-11-04,XAUUSD,long,L,-1,2016-W44,in_sample
2016-11-08,Z1!,short,L,-1,2016-W45,in_sample
2016-11-14,FDAX1!,long,W,1,2016-W46,in_sample
2016-11-15,ES1!,long,BE,0,2016-W46,in_sample
2016-11-15,ES1!,long,BE,0,2016-W46,in_sample
2016-11-16,EURUSD,short,BE,0,2016-W46,in_sample
2016-11-17,XAUUSD,long,L,-1,2016-W46,in_sample
2016-11-17,Z1!,long,L,-1,2016-W46,in_sample
2016-11-21,EURUSD,short,L,-1,2016-W47,in_sample
2016-11-22,Z1!,long,L,-1,2016-W47,in_sample
2016-11-22,Z1!,long,L,-1,2016-W47,in_sample
2016-11-23,ES1!,long,BE,0,2016-W47,in_sample
2016-11-23,Z1!,long,L,-1,2016-W47,in_sample
2016-11-24,Z1!,long,L,-1,2016-W47,in_sample
2016-11-24,Z1!,long,L,-1,2016-W47,in_sample
2016-11-25,EURUSD,short,L,-1,2016-W47,in_sample
2016-11-25,NQ1!,long,L,-1,2016-W47,in_sample
2016-11-25,Z1!,long,L,-1,2016-W47,in_sample
2016-11-28,NQ1!,long,W,1,2016-W48,in_sample
2016-11-29,EURUSD,long,L,-1,2016-W48,in_sample
2016-11-29,NK2251!,long,W,1,2016-W48,in_sample
2016-11-29,NQ1!,long,W,1,2016-W48,in_sample
2016-11-30,EURUSD,long,L,-1,2016-W48,in_sample
2016-11-30,FDAX1!,short,W,1,2016-W48,in_sample
2016-11-30,NK2251!,long,W,1,2016-W48,in_sample
2016-12-01,NK2251!,long,W,1,2016-W48,in_sample
2016-12-02,XAUUSD,short,W,1,2016-W48,in_sample
2016-12-05,NK2251!,long,L,-1,2016-W49,in_sample
2016-12-06,NK2251!,long,W,1,2016-W49,in_sample
2016-12-06,Z1!,short,L,-1,2016-W49,in_sample
2016-12-06,Z1!,short,W,1,2016-W49,in_sample
2016-12-07,NK2251!,long,W,1,2016-W49,in_sample
2016-12-07,NK2251!,long,W,1,2016-W49,in_sample
2016-12-08,NK2251!,long,BE,0,2016-W49,in_sample
2016-12-12,ES1!,long,L,-1,2016-W50,in_sample
2016-12-13,XAUUSD,short,W,1,2016-W50,in_sample
2016-12-13,XAUUSD,short,L,-1,2016-W50,in_sample
2016-12-13,Z1!,long,W,1,2016-W50,in_sample
2016-12-14,XAUUSD,short,L,-1,2016-W50,in_sample
2016-12-14,XAUUSD,short,BE,0,2016-W50,in_sample
2016-12-14,Z1!,long,L,-1,2016-W50,in_sample
2016-12-15,Z1!,long,L,-1,2016-W50,in_sample
2016-12-19,ES1!,long,L,-1,2016-W51,in_sample
2016-12-19,ES1!,long,W,1,2016-W51,in_sample
2016-12-20,ES1!,long,BE,0,2016-W51,in_sample
2016-12-20,EURUSD,short,W,1,2016-W51,in_sample
2016-12-20,NK2251!,long,W,1,2016-W51,in_sample
2016-12-20,XAUUSD,short,W,1,2016-W51,in_sample
2016-12-22,XAUUSD,short,L,-1,2016-W51,in_sample
2016-12-27,ES1!,long,W,1,2016-W52,in_sample
2016-12-27,ES1!,long,W,1,2016-W52,in_sample
2016-12-27,NQ1!,short,L,-1,2016-W52,in_sample
2016-12-28,FDAX1!,short,W,1,2016-W52,in_sample
2016-12-30,FDAX1!,short,BE,0,2016-W52,in_sample
2016-12-30,NK2251!,short,L,-1,2016-W52,in_sample
2017-01-06,ES1!,long,L,-1,2017-W01,in_sample
2017-01-06,EURUSD,short,AMBIG,,2017-W01,in_sample
2017-01-06,FDAX1!,long,L,-1,2017-W01,in_sample
2017-01-06,NK2251!,long,W,1,2017-W01,in_sample
2017-01-06,Z1!,long,W,1,2017-W01,in_sample
2017-01-06,Z1!,long,BE,0,2017-W01,in_sample
2017-01-09,XAUUSD,long,BE,0,2017-W02,in_sample
2017-01-10,NQ1!,long,L,-1,2017-W02,in_sample
2017-01-11,EURUSD,long,L,-1,2017-W02,in_sample
2017-01-11,FDAX1!,short,L,-1,2017-W02,in_sample
2017-01-11,FDAX1!,short,W,1,2017-W02,in_sample
2017-01-16,XAUUSD,long,W,1,2017-W03,in_sample
2017-01-17,EURUSD,long,W,1,2017-W03,in_sample
2017-01-18,NQ1!,long,W,1,2017-W03,in_sample
2017-01-19,ES1!,long,L,-1,2017-W03,in_sample
2017-01-19,ES1!,long,L,-1,2017-W03,in_sample
2017-01-19,NQ1!,long,BE,0,2017-W03,in_sample
2017-01-19,NQ1!,long,BE,0,2017-W03,in_sample
2017-01-20,EURUSD,long,W,1,2017-W03,in_sample
2017-01-20,EURUSD,long,W,1,2017-W03,in_sample
2017-01-20,Z1!,short,W,1,2017-W03,in_sample
2017-01-23,ES1!,long,W,1,2017-W04,in_sample
2017-01-23,FDAX1!,short,L,-1,2017-W04,in_sample
2017-01-26,EURUSD,short,W,1,2017-W04,in_sample
2017-01-27,NQ1!,long,L,-1,2017-W04,in_sample
2017-01-31,FDAX1!,long,L,-1,2017-W05,in_sample
2017-02-02,ES1!,short,L,-1,2017-W05,in_sample
2017-02-02,NQ1!,short,L,-1,2017-W05,in_sample
2017-02-06,NQ1!,short,L,-1,2017-W06,in_sample
2017-02-06,NQ1!,short,L,-1,2017-W06,in_sample
2017-02-06,XAUUSD,long,BE,0,2017-W06,in_sample
2017-02-07,Z1!,long,AMBIG,,2017-W06,in_sample
2017-02-08,ES1!,short,L,-1,2017-W06,in_sample
2017-02-08,FDAX1!,short,L,-1,2017-W06,in_sample
2017-02-10,EURUSD,short,W,1,2017-W06,in_sample
2017-02-14,NK2251!,long,W,1,2017-W07,in_sample
2017-02-15,NK2251!,long,L,-1,2017-W07,in_sample
2017-02-15,XAUUSD,short,W,1,2017-W07,in_sample
2017-02-16,ES1!,long,L,-1,2017-W07,in_sample
2017-02-17,ES1!,long,W,1,2017-W07,in_sample
2017-02-20,NK2251!,long,W,1,2017-W08,in_sample
2017-02-21,NK2251!,long,W,1,2017-W08,in_sample
2017-02-21,NQ1!,long,BE,0,2017-W08,in_sample
2017-02-22,XAUUSD,long,L,-1,2017-W08,in_sample
2017-02-22,Z1!,long,W,1,2017-W08,in_sample
2017-02-22,Z1!,long,W,1,2017-W08,in_sample
2017-02-23,XAUUSD,long,W,1,2017-W08,in_sample
2017-02-27,EURUSD,long,W,1,2017-W09,in_sample
2017-02-27,NK2251!,long,L,-1,2017-W09,in_sample
2017-02-27,XAUUSD,long,W,1,2017-W09,in_sample
2017-02-28,NK2251!,long,W,1,2017-W09,in_sample
2017-02-28,NQ1!,short,L,-1,2017-W09,in_sample
2017-03-06,NQ1!,short,BE,0,2017-W10,in_sample
2017-03-07,NK2251!,short,W,1,2017-W10,in_sample
2017-03-08,Z1!,long,W,1,2017-W10,in_sample
2017-03-09,EURUSD,long,AMBIG,,2017-W10,in_sample
2017-03-09,FDAX1!,long,W,1,2017-W10,in_sample
2017-03-10,EURUSD,long,W,1,2017-W10,in_sample
2017-03-10,EURUSD,long,AMBIG,,2017-W10,in_sample
2017-03-10,FDAX1!,long,L,-1,2017-W10,in_sample
2017-03-13,FDAX1!,long,L,-1,2017-W11,in_sample
2017-03-13,XAUUSD,short,L,-1,2017-W11,in_sample
2017-03-14,EURUSD,long,L,-1,2017-W11,in_sample
2017-03-14,XAUUSD,short,L,-1,2017-W11,in_sample
2017-03-15,NQ1!,long,W,1,2017-W11,in_sample
2017-03-15,NQ1!,long,BE,0,2017-W11,in_sample
2017-03-15,Z1!,long,BE,0,2017-W11,in_sample
2017-03-16,EURUSD,long,BE,0,2017-W11,in_sample
2017-03-17,Z1!,long,L,-1,2017-W11,in_sample
2017-03-21,Z1!,long,L,-1,2017-W12,in_sample
2017-03-23,NK2251!,short,L,-1,2017-W12,in_sample
2017-03-24,NK2251!,short,W,1,2017-W12,in_sample
2017-03-24,NQ1!,short,L,-1,2017-W12,in_sample
2017-03-24,Z1!,short,W,1,2017-W12,in_sample
2017-04-03,ES1!,long,L,-1,2017-W14,in_sample
2017-04-03,NK2251!,short,BE,0,2017-W14,in_sample
2017-04-03,NQ1!,long,AMBIG,,2017-W14,in_sample
2017-04-04,FDAX1!,long,L,-1,2017-W14,in_sample
2017-04-05,EURUSD,short,W,1,2017-W14,in_sample
2017-04-06,XAUUSD,short,L,-1,2017-W14,in_sample
2017-04-07,NK2251!,short,W,1,2017-W14,in_sample
2017-04-07,NQ1!,short,W,1,2017-W14,in_sample
2017-04-07,Z1!,short,W,1,2017-W14,in_sample
2017-04-10,ES1!,short,L,-1,2017-W15,in_sample
2017-04-10,NQ1!,short,L,-1,2017-W15,in_sample
2017-04-11,EURUSD,short,L,-1,2017-W15,in_sample
2017-04-11,EURUSD,short,L,-1,2017-W15,in_sample
2017-04-12,EURUSD,short,L,-1,2017-W15,in_sample
2017-04-12,EURUSD,short,L,-1,2017-W15,in_sample
2017-04-12,EURUSD,short,L,-1,2017-W15,in_sample
2017-04-12,XAUUSD,long,W,1,2017-W15,in_sample
2017-04-14,EURUSD,long,L,-1,2017-W15,in_sample
2017-04-17,EURUSD,long,W,1,2017-W16,in_sample
2017-04-18,EURUSD,long,W,1,2017-W16,in_sample
2017-04-18,EURUSD,long,W,1,2017-W16,in_sample
2017-04-18,FDAX1!,short,W,1,2017-W16,in_sample
2017-04-18,NK2251!,short,L,-1,2017-W16,in_sample
2017-04-20,XAUUSD,short,L,-1,2017-W16,in_sample
2017-04-27,EURUSD,long,W,1,2017-W17,in_sample
2017-04-27,EURUSD,long,L,-1,2017-W17,in_sample
2017-04-27,NQ1!,long,L,-1,2017-W17,in_sample
2017-04-28,XAUUSD,long,BE,0,2017-W17,in_sample
2017-05-01,NK2251!,long,W,1,2017-W18,in_sample
2017-05-12,ES1!,short,L,-1,2017-W19,in_sample
2017-05-12,FDAX1!,long,W,1,2017-W19,in_sample
2017-05-12,NQ1!,long,W,1,2017-W19,in_sample
2017-05-18,Z1!,long,W,1,2017-W20,in_sample
2017-05-19,EURUSD,long,W,1,2017-W20,in_sample
2017-05-19,Z1!,long,W,1,2017-W20,in_sample
2017-05-22,NQ1!,short,L,-1,2017-W21,in_sample
2017-05-23,NK2251!,short,L,-1,2017-W21,in_sample
2017-05-23,XAUUSD,short,W,1,2017-W21,in_sample
2017-05-23,XAUUSD,short,W,1,2017-W21,in_sample
2017-05-24,NK2251!,short,L,-1,2017-W21,in_sample
2017-05-24,NQ1!,long,W,1,2017-W21,in_sample
2017-05-24,XAUUSD,short,L,-1,2017-W21,in_sample
2017-05-25,FDAX1!,long,BE,0,2017-W21,in_sample
2017-05-25,NK2251!,short,W,1,2017-W21,in_sample
2017-05-26,EURUSD,long,W,1,2017-W21,in_sample
2017-05-29,ES1!,long,L,-1,2017-W22,in_sample
2017-05-29,NK2251!,short,W,1,2017-W22,in_sample
2017-05-30,NK2251!,short,L,-1,2017-W22,in_sample
2017-05-30,NK2251!,short,L,-1,2017-W22,in_sample
2017-05-31,Z1!,long,W,1,2017-W22,in_sample
2017-05-31,Z1!,long,L,-1,2017-W22,in_sample
2017-06-01,NK2251!,short,L,-1,2017-W22,in_sample
2017-06-02,EURUSD,long,L,-1,2017-W22,in_sample
2017-06-02,EURUSD,long,W,1,2017-W22,in_sample
2017-06-07,ES1!,short,BE,0,2017-W23,in_sample
2017-06-08,EURUSD,short,W,1,2017-W23,in_sample
2017-06-08,XAUUSD,long,L,-1,2017-W23,in_sample
2017-06-09,FDAX1!,long,W,1,2017-W23,in_sample
2017-06-09,NK2251!,short,W,1,2017-W23,in_sample
2017-06-13,EURUSD,short,L,-1,2017-W24,in_sample
2017-06-14,ES1!,short,W,1,2017-W24,in_sample
2017-06-14,FDAX1!,long,BE,0,2017-W24,in_sample
2017-06-14,FDAX1!,long,W,1,2017-W24,in_sample
2017-06-14,NK2251!,short,W,1,2017-W24,in_sample
2017-06-14,NQ1!,short,W,1,2017-W24,in_sample
2017-06-15,ES1!,short,L,-1,2017-W24,in_sample
2017-06-15,NQ1!,short,W,1,2017-W24,in_sample
2017-06-15,NQ1!,short,L,-1,2017-W24,in_sample
2017-06-19,EURUSD,short,L,-1,2017-W25,in_sample
2017-06-19,XAUUSD,short,BE,0,2017-W25,in_sample
2017-06-20,EURUSD,short,W,1,2017-W25,in_sample
2017-06-20,EURUSD,short,BE,0,2017-W25,in_sample
2017-06-21,Z1!,short,W,1,2017-W25,in_sample
2017-06-22,ES1!,long,W,1,2017-W25,in_sample
2017-06-22,Z1!,short,W,1,2017-W25,in_sample
2017-06-23,Z1!,short,W,1,2017-W25,in_sample
2017-06-23,Z1!,short,L,-1,2017-W25,in_sample
2017-06-25,NK2251!,long,W,1,2017-W25,in_sample
2017-06-26,ES1!,long,L,-1,2017-W26,in_sample
2017-06-26,ES1!,long,L,-1,2017-W26,in_sample
2017-06-26,EURUSD,short,L,-1,2017-W26,in_sample
2017-06-26,FDAX1!,long,W,1,2017-W26,in_sample
2017-06-26,NK2251!,long,L,-1,2017-W26,in_sample
2017-06-27,Z1!,short,W,1,2017-W26,in_sample
2017-06-28,Z1!,short,W,1,2017-W26,in_sample
2017-06-28,Z1!,short,L,-1,2017-W26,in_sample
2017-06-29,NQ1!,short,W,1,2017-W26,in_sample
2017-06-29,XAUUSD,short,W,1,2017-W26,in_sample
2017-06-29,Z1!,short,BE,0,2017-W26,in_sample
2017-06-30,XAUUSD,short,W,1,2017-W26,in_sample
2017-07-05,ES1!,short,L,-1,2017-W27,in_sample
2017-07-05,ES1!,short,L,-1,2017-W27,in_sample
2017-07-05,Z1!,long,L,-1,2017-W27,in_sample
2017-07-06,ES1!,short,W,1,2017-W27,in_sample
2017-07-06,ES1!,short,L,-1,2017-W27,in_sample
2017-07-06,NK2251!,short,BE,0,2017-W27,in_sample
2017-07-06,NQ1!,short,W,1,2017-W27,in_sample
2017-07-10,EURUSD,long,L,-1,2017-W28,in_sample
2017-07-11,EURUSD,long,W,1,2017-W28,in_sample
2017-07-11,EURUSD,long,W,1,2017-W28,in_sample
2017-07-12,NK2251!,short,L,-1,2017-W28,in_sample
2017-07-13,EURUSD,long,W,1,2017-W28,in_sample
2017-07-14,EURUSD,long,W,1,2017-W28,in_sample
2017-07-14,EURUSD,long,W,1,2017-W28,in_sample
2017-07-14,EURUSD,long,L,-1,2017-W28,in_sample
2017-07-14,NK2251!,short,W,1,2017-W28,in_sample
2017-07-14,NK2251!,short,W,1,2017-W28,in_sample
2017-07-14,NQ1!,long,W,1,2017-W28,in_sample
2017-07-17,EURUSD,long,W,1,2017-W29,in_sample
2017-07-17,NK2251!,short,W,1,2017-W29,in_sample
2017-07-17,Z1!,long,L,-1,2017-W29,in_sample
2017-07-18,NK2251!,short,L,-1,2017-W29,in_sample
2017-07-19,ES1!,long,W,1,2017-W29,in_sample
2017-07-19,EURUSD,long,L,-1,2017-W29,in_sample
2017-07-19,XAUUSD,long,L,-1,2017-W29,in_sample
2017-07-21,FDAX1!,short,W,1,2017-W29,in_sample
2017-07-21,NK2251!,short,W,1,2017-W29,in_sample
2017-07-23,NK2251!,short,L,-1,2017-W29,in_sample
2017-07-24,NK2251!,short,L,-1,2017-W30,in_sample
2017-07-25,EURUSD,long,W,1,2017-W30,in_sample
2017-07-25,EURUSD,long,W,1,2017-W30,in_sample
2017-07-26,NK2251!,short,L,-1,2017-W30,in_sample
2017-07-26,Z1!,short,L,-1,2017-W30,in_sample
2017-07-27,NK2251!,short,W,1,2017-W30,in_sample
2017-07-27,Z1!,short,W,1,2017-W30,in_sample
2017-07-27,Z1!,short,W,1,2017-W30,in_sample
2017-07-28,XAUUSD,long,W,1,2017-W30,in_sample
2017-07-28,XAUUSD,long,BE,0,2017-W30,in_sample
2017-07-28,Z1!,short,W,1,2017-W30,in_sample
2017-07-28,Z1!,short,W,1,2017-W30,in_sample
2017-07-31,EURUSD,long,W,1,2017-W31,in_sample
2017-07-31,NQ1!,short,W,1,2017-W31,in_sample
2017-08-01,ES1!,long,BE,0,2017-W31,in_sample
2017-08-01,XAUUSD,long,L,-1,2017-W31,in_sample
2017-08-02,ES1!,long,L,-1,2017-W31,in_sample
2017-08-02,EURUSD,long,BE,0,2017-W31,in_sample
2017-08-02,Z1!,short,W,1,2017-W31,in_sample
2017-08-03,ES1!,short,L,-1,2017-W31,in_sample
2017-08-04,FDAX1!,long,W,1,2017-W31,in_sample
2017-08-08,FDAX1!,long,L,-1,2017-W32,in_sample
2017-08-08,NK2251!,short,W,1,2017-W32,in_sample
2017-08-10,NK2251!,short,W,1,2017-W32,in_sample
2017-08-10,NQ1!,short,W,1,2017-W32,in_sample
2017-08-11,EURUSD,short,L,-1,2017-W32,in_sample
2017-08-16,NK2251!,short,W,1,2017-W33,in_sample
2017-08-16,XAUUSD,long,W,1,2017-W33,in_sample
2017-08-17,XAUUSD,long,L,-1,2017-W33,in_sample
2017-08-17,Z1!,short,W,1,2017-W33,in_sample
2017-08-18,NQ1!,long,L,-1,2017-W33,in_sample
2017-08-18,XAUUSD,long,W,1,2017-W33,in_sample
2017-08-18,Z1!,short,W,1,2017-W33,in_sample
2017-08-21,NK2251!,short,BE,0,2017-W34,in_sample
2017-08-21,XAUUSD,long,W,1,2017-W34,in_sample
2017-08-21,Z1!,short,L,-1,2017-W34,in_sample
2017-08-22,XAUUSD,long,W,1,2017-W34,in_sample
2017-08-23,EURUSD,long,L,-1,2017-W34,in_sample
2017-08-23,XAUUSD,long,W,1,2017-W34,in_sample
2017-08-23,Z1!,short,L,-1,2017-W34,in_sample
2017-08-24,EURUSD,long,L,-1,2017-W34,in_sample
2017-08-25,EURUSD,long,BE,0,2017-W34,in_sample
2017-08-25,FDAX1!,short,W,1,2017-W34,in_sample
2017-08-25,FDAX1!,short,L,-1,2017-W34,in_sample
2017-08-25,NQ1!,long,W,1,2017-W34,in_sample
2017-08-25,XAUUSD,long,L,-1,2017-W34,in_sample
2017-08-25,XAUUSD,long,L,-1,2017-W34,in_sample
2017-08-28,FDAX1!,short,W,1,2017-W35,in_sample
2017-08-28,FDAX1!,short,W,1,2017-W35,in_sample
2017-08-28,NK2251!,short,W,1,2017-W35,in_sample
2017-08-28,NK2251!,short,BE,0,2017-W35,in_sample
2017-08-28,NK2251!,short,W,1,2017-W35,in_sample
2017-08-28,NQ1!,short,W,1,2017-W35,in_sample
2017-08-29,FDAX1!,short,W,1,2017-W35,in_sample
2017-08-29,NK2251!,short,BE,0,2017-W35,in_sample
2017-09-04,ES1!,long,L,-1,2017-W36,in_sample
2017-09-04,ES1!,long,L,-1,2017-W36,in_sample
2017-09-05,EURUSD,long,W,1,2017-W36,in_sample
2017-09-05,FDAX1!,short,W,1,2017-W36,in_sample
2017-09-05,Z1!,long,L,-1,2017-W36,in_sample
2017-09-05,Z1!,long,AMBIG,,2017-W36,in_sample
2017-09-06,EURUSD,long,W,1,2017-W36,in_sample
2017-09-06,EURUSD,long,AMBIG,,2017-W36,in_sample
2017-09-07,EURUSD,long,W,1,2017-W36,in_sample
2017-09-07,Z1!,long,W,1,2017-W36,in_sample
2017-09-08,ES1!,short,L,-1,2017-W36,in_sample
2017-09-08,ES1!,short,L,-1,2017-W36,in_sample
2017-09-08,ES1!,short,L,-1,2017-W36,in_sample
2017-09-11,FDAX1!,long,W,1,2017-W37,in_sample
2017-09-11,XAUUSD,long,L,-1,2017-W37,in_sample
2017-09-11,Z1!,long,W,1,2017-W37,in_sample
2017-09-11,Z1!,long,L,-1,2017-W37,in_sample
2017-09-12,EURUSD,long,L,-1,2017-W37,in_sample
2017-09-12,Z1!,long,L,-1,2017-W37,in_sample
2017-09-13,NQ1!,long,L,-1,2017-W37,in_sample
2017-09-13,NQ1!,long,L,-1,2017-W37,in_sample
2017-09-13,XAUUSD,short,W,1,2017-W37,in_sample
2017-09-19,ES1!,long,W,1,2017-W38,in_sample
2017-09-19,ES1!,long,BE,0,2017-W38,in_sample
2017-09-19,EURUSD,long,BE,0,2017-W38,in_sample
2017-09-19,NQ1!,long,L,-1,2017-W38,in_sample
2017-09-20,FDAX1!,long,W,1,2017-W38,in_sample
2017-09-20,NQ1!,long,L,-1,2017-W38,in_sample
2017-09-20,XAUUSD,short,AMBIG,,2017-W38,in_sample
2017-09-22,NK2251!,long,W,1,2017-W38,in_sample
2017-09-22,NQ1!,short,L,-1,2017-W38,in_sample
2017-09-24,XAUUSD,short,W,1,2017-W38,in_sample
2017-09-25,ES1!,short,L,-1,2017-W39,in_sample
2017-09-25,NQ1!,short,W,1,2017-W39,in_sample
2017-09-29,ES1!,long,W,1,2017-W39,in_sample
2017-09-29,ES1!,long,L,-1,2017-W39,in_sample
2017-10-03,NQ1!,long,L,-1,2017-W40,in_sample
2017-10-04,NQ1!,long,BE,0,2017-W40,in_sample
2017-10-05,EURUSD,short,L,-1,2017-W40,in_sample
2017-10-05,EURUSD,short,L,-1,2017-W40,in_sample
2017-10-05,EURUSD,short,W,1,2017-W40,in_sample
2017-10-05,NK2251!,long,W,1,2017-W40,in_sample
2017-10-05,XAUUSD,long,L,-1,2017-W40,in_sample
2017-10-06,EURUSD,short,BE,0,2017-W40,in_sample
2017-10-06,NQ1!,long,W,1,2017-W40,in_sample
2017-10-11,ES1!,long,L,-1,2017-W41,in_sample
2017-10-11,ES1!,long,BE,0,2017-W41,in_sample
2017-10-11,FDAX1!,short,W,1,2017-W41,in_sample
2017-10-11,XAUUSD,long,L,-1,2017-W41,in_sample
2017-10-17,ES1!,long,BE,0,2017-W42,in_sample
2017-10-17,FDAX1!,long,W,1,2017-W42,in_sample
2017-10-17,NK2251!,long,W,1,2017-W42,in_sample
2017-10-19,EURUSD,long,L,-1,2017-W42,in_sample
2017-10-20,NQ1!,short,L,-1,2017-W42,in_sample
2017-10-23,NQ1!,short,W,1,2017-W43,in_sample
2017-10-24,ES1!,long,L,-1,2017-W43,in_sample
2017-10-24,NQ1!,short,L,-1,2017-W43,in_sample
2017-10-24,XAUUSD,short,W,1,2017-W43,in_sample
2017-10-24,Z1!,long,W,1,2017-W43,in_sample
2017-10-25,FDAX1!,short,L,-1,2017-W43,in_sample
2017-10-25,NQ1!,short,W,1,2017-W43,in_sample
2017-10-25,NQ1!,short,W,1,2017-W43,in_sample
2017-10-26,XAUUSD,short,W,1,2017-W43,in_sample
2017-10-29,NK2251!,long,L,-1,2017-W43,in_sample
2017-10-30,ES1!,long,W,1,2017-W44,in_sample
2017-10-30,NQ1!,long,AMBIG,,2017-W44,in_sample
2017-10-30,Z1!,short,L,-1,2017-W44,in_sample
2017-10-31,ES1!,long,W,1,2017-W44,in_sample
2017-10-31,ES1!,long,W,1,2017-W44,in_sample
2017-11-02,NK2251!,long,L,-1,2017-W44,in_sample
2017-11-03,ES1!,short,L,-1,2017-W44,in_sample
2017-11-03,NQ1!,short,L,-1,2017-W44,in_sample
2017-11-06,Z1!,long,L,-1,2017-W45,in_sample
2017-11-07,NK2251!,long,W,1,2017-W45,in_sample
2017-11-07,NK2251!,long,L,-1,2017-W45,in_sample
2017-11-07,XAUUSD,short,W,1,2017-W45,in_sample
2017-11-07,XAUUSD,short,W,1,2017-W45,in_sample
2017-11-07,XAUUSD,short,L,-1,2017-W45,in_sample
2017-11-08,ES1!,long,W,1,2017-W45,in_sample
2017-11-08,NQ1!,long,W,1,2017-W45,in_sample
2017-11-08,NQ1!,long,W,1,2017-W45,in_sample
2017-11-14,ES1!,short,W,1,2017-W46,in_sample
2017-11-14,EURUSD,long,W,1,2017-W46,in_sample
2017-11-14,EURUSD,long,W,1,2017-W46,in_sample
2017-11-14,NQ1!,short,W,1,2017-W46,in_sample
2017-11-14,XAUUSD,short,W,1,2017-W46,in_sample
2017-11-15,ES1!,short,W,1,2017-W46,in_sample
2017-11-16,EURUSD,long,W,1,2017-W46,in_sample
2017-11-17,EURUSD,long,W,1,2017-W46,in_sample
2017-11-17,XAUUSD,long,W,1,2017-W46,in_sample
2017-11-17,XAUUSD,long,W,1,2017-W46,in_sample
2017-11-17,Z1!,short,L,-1,2017-W46,in_sample
2017-11-21,ES1!,long,W,1,2017-W47,in_sample
2017-11-21,ES1!,long,W,1,2017-W47,in_sample
2017-11-21,EURUSD,short,BE,0,2017-W47,in_sample
2017-11-21,FDAX1!,short,L,-1,2017-W47,in_sample
2017-11-21,NK2251!,long,L,-1,2017-W47,in_sample
2017-11-21,NQ1!,long,W,1,2017-W47,in_sample
2017-11-21,NQ1!,long,W,1,2017-W47,in_sample
2017-11-21,XAUUSD,short,L,-1,2017-W47,in_sample
2017-11-21,Z1!,short,W,1,2017-W47,in_sample
2017-11-22,XAUUSD,short,L,-1,2017-W47,in_sample
2017-11-24,Z1!,long,L,-1,2017-W47,in_sample
2017-11-24,Z1!,long,L,-1,2017-W47,in_sample
2017-11-27,XAUUSD,long,W,1,2017-W48,in_sample
2017-11-28,FDAX1!,long,W,1,2017-W48,in_sample
2017-11-28,NQ1!,long,BE,0,2017-W48,in_sample
2017-11-29,ES1!,long,W,1,2017-W48,in_sample
2017-11-29,FDAX1!,long,L,-1,2017-W48,in_sample
2017-11-29,NK2251!,long,BE,0,2017-W48,in_sample
2017-11-29,NK2251!,long,BE,0,2017-W48,in_sample
2017-11-29,XAUUSD,long,W,1,2017-W48,in_sample
2017-11-30,ES1!,long,W,1,2017-W48,in_sample
2017-11-30,EURUSD,long,L,-1,2017-W48,in_sample
2017-11-30,EURUSD,long,L,-1,2017-W48,in_sample
2017-12-01,NQ1!,short,L,-1,2017-W48,in_sample
2017-12-01,NQ1!,short,AMBIG,,2017-W48,in_sample
2017-12-04,NK2251!,short,W,1,2017-W49,in_sample
2017-12-04,NK2251!,short,W,1,2017-W49,in_sample
2017-12-04,XAUUSD,short,L,-1,2017-W49,in_sample
2017-12-05,ES1!,long,L,-1,2017-W49,in_sample
2017-12-05,FDAX1!,short,W,1,2017-W49,in_sample
2017-12-05,NK2251!,short,W,1,2017-W49,in_sample
2017-12-06,FDAX1!,short,L,-1,2017-W49,in_sample
2017-12-12,EURUSD,short,W,1,2017-W50,in_sample
2017-12-13,FDAX1!,short,L,-1,2017-W50,in_sample
2017-12-15,EURUSD,long,W,1,2017-W50,in_sample
2017-12-15,XAUUSD,long,W,1,2017-W50,in_sample
2017-12-19,EURUSD,long,W,1,2017-W51,in_sample
2017-12-20,ES1!,long,L,-1,2017-W51,in_sample
2017-12-20,EURUSD,long,L,-1,2017-W51,in_sample
2017-12-20,XAUUSD,long,BE,0,2017-W51,in_sample
2017-12-20,Z1!,long,L,-1,2017-W51,in_sample
2017-12-22,EURUSD,long,W,1,2017-W51,in_sample
2017-12-22,NQ1!,short,W,1,2017-W51,in_sample
2017-12-27,ES1!,long,L,-1,2017-W52,in_sample
2017-12-27,ES1!,long,L,-1,2017-W52,in_sample
2017-12-27,EURUSD,long,W,1,2017-W52,in_sample
2017-12-27,NQ1!,short,L,-1,2017-W52,in_sample
2017-12-29,ES1!,long,W,1,2017-W52,in_sample
2017-12-29,NK2251!,short,L,-1,2017-W52,in_sample
2017-12-29,NQ1!,short,BE,0,2017-W52,in_sample
2017-12-29,Z1!,long,AMBIG,,2017-W52,in_sample
2018-01-04,EURUSD,long,W,1,2018-W01,in_sample
2018-01-04,Z1!,long,BE,0,2018-W01,in_sample
2018-01-05,Z1!,long,BE,0,2018-W01,in_sample
2018-01-09,Z1!,long,W,1,2018-W02,in_sample
2018-01-10,XAUUSD,long,W,1,2018-W02,in_sample
2018-01-11,EURUSD,short,L,-1,2018-W02,in_sample
2018-01-12,FDAX1!,long,W,1,2018-W02,in_sample
2018-01-16,FDAX1!,long,W,1,2018-W03,in_sample
2018-01-18,NQ1!,long,BE,0,2018-W03,in_sample
2018-01-19,NK2251!,long,L,-1,2018-W03,in_sample
2018-01-19,NQ1!,long,BE,0,2018-W03,in_sample
2018-01-19,XAUUSD,short,L,-1,2018-W03,in_sample
2018-01-22,EURUSD,short,L,-1,2018-W04,in_sample
2018-01-22,Z1!,short,W,1,2018-W04,in_sample
2018-01-22,Z1!,short,L,-1,2018-W04,in_sample
2018-01-25,ES1!,long,W,1,2018-W04,in_sample
2018-01-25,NK2251!,short,W,1,2018-W04,in_sample
2018-01-25,NQ1!,long,W,1,2018-W04,in_sample
2018-01-25,NQ1!,long,L,-1,2018-W04,in_sample
2018-01-26,ES1!,long,BE,0,2018-W04,in_sample
2018-01-26,FDAX1!,long,L,-1,2018-W04,in_sample
2018-01-26,FDAX1!,long,L,-1,2018-W04,in_sample
2018-01-26,NQ1!,long,W,1,2018-W04,in_sample
2018-01-26,NQ1!,long,BE,0,2018-W04,in_sample
2018-01-26,XAUUSD,long,W,1,2018-W04,in_sample
2018-01-29,EURUSD,long,L,-1,2018-W05,in_sample
2018-01-29,NK2251!,short,W,1,2018-W05,in_sample
2018-01-29,Z1!,short,W,1,2018-W05,in_sample
2018-01-30,NK2251!,short,BE,0,2018-W05,in_sample
2018-02-01,EURUSD,long,L,-1,2018-W05,in_sample
2018-02-02,NK2251!,short,W,1,2018-W05,in_sample
2018-02-08,ES1!,short,W,1,2018-W06,in_sample
2018-02-08,FDAX1!,short,W,1,2018-W06,in_sample
2018-02-08,NK2251!,short,L,-1,2018-W06,in_sample
2018-02-08,NK2251!,short,W,1,2018-W06,in_sample
2018-02-08,NQ1!,short,W,1,2018-W06,in_sample
2018-02-09,ES1!,short,W,1,2018-W06,in_sample
2018-02-09,NQ1!,short,BE,0,2018-W06,in_sample
2018-02-09,XAUUSD,short,L,-1,2018-W06,in_sample
2018-02-12,ES1!,short,L,-1,2018-W07,in_sample
2018-02-12,NQ1!,short,L,-1,2018-W07,in_sample
2018-02-13,ES1!,short,L,-1,2018-W07,in_sample
2018-02-13,FDAX1!,short,L,-1,2018-W07,in_sample
2018-02-20,NK2251!,short,L,-1,2018-W08,in_sample
2018-02-21,FDAX1!,long,L,-1,2018-W08,in_sample
2018-02-22,FDAX1!,long,L,-1,2018-W08,in_sample
2018-02-23,ES1!,short,L,-1,2018-W08,in_sample
2018-02-23,FDAX1!,long,BE,0,2018-W08,in_sample
2018-03-06,ES1!,short,L,-1,2018-W10,in_sample
2018-03-07,ES1!,long,W,1,2018-W10,in_sample
2018-03-07,ES1!,long,W,1,2018-W10,in_sample
2018-03-07,FDAX1!,short,W,1,2018-W10,in_sample
2018-03-07,NK2251!,long,L,-1,2018-W10,in_sample
2018-03-12,XAUUSD,short,W,1,2018-W11,in_sample
2018-03-15,EURUSD,long,L,-1,2018-W11,in_sample
2018-03-15,NQ1!,long,L,-1,2018-W11,in_sample
2018-03-16,NQ1!,long,L,-1,2018-W11,in_sample
2018-03-19,ES1!,short,W,1,2018-W12,in_sample
2018-03-20,EURUSD,short,W,1,2018-W12,in_sample
2018-03-20,XAUUSD,short,W,1,2018-W12,in_sample
2018-03-21,FDAX1!,long,L,-1,2018-W12,in_sample
2018-03-22,ES1!,short,W,1,2018-W12,in_sample
2018-03-23,EURUSD,long,L,-1,2018-W12,in_sample
2018-03-26,EURUSD,long,BE,0,2018-W13,in_sample
2018-03-28,ES1!,short,L,-1,2018-W13,in_sample
2018-04-02,ES1!,short,BE,0,2018-W14,in_sample
2018-04-03,XAUUSD,short,W,1,2018-W14,in_sample
2018-04-04,ES1!,short,W,1,2018-W14,in_sample
2018-04-04,FDAX1!,short,L,-1,2018-W14,in_sample
2018-04-04,FDAX1!,short,W,1,2018-W14,in_sample
2018-04-05,ES1!,short,L,-1,2018-W14,in_sample
2018-04-05,EURUSD,short,W,1,2018-W14,in_sample
2018-04-06,NQ1!,long,W,1,2018-W14,in_sample
2018-04-09,EURUSD,short,L,-1,2018-W15,in_sample
2018-04-10,ES1!,short,L,-1,2018-W15,in_sample
2018-04-10,NK2251!,long,BE,0,2018-W15,in_sample
2018-04-12,NK2251!,long,W,1,2018-W15,in_sample
2018-04-12,NK2251!,long,L,-1,2018-W15,in_sample
2018-04-13,EURUSD,long,L,-1,2018-W15,in_sample
2018-04-16,EURUSD,long,W,1,2018-W16,in_sample
2018-04-16,EURUSD,long,W,1,2018-W16,in_sample
2018-04-16,NQ1!,long,W,1,2018-W16,in_sample
2018-04-17,EURUSD,long,W,1,2018-W16,in_sample
2018-04-17,NK2251!,long,W,1,2018-W16,in_sample
2018-04-18,EURUSD,long,L,-1,2018-W16,in_sample
2018-04-18,EURUSD,long,L,-1,2018-W16,in_sample
2018-04-19,EURUSD,long,L,-1,2018-W16,in_sample
2018-04-19,FDAX1!,long,L,-1,2018-W16,in_sample
2018-04-23,ES1!,long,L,-1,2018-W17,in_sample
2018-04-23,ES1!,long,L,-1,2018-W17,in_sample
2018-04-25,EURUSD,short,W,1,2018-W17,in_sample
2018-04-26,XAUUSD,short,W,1,2018-W17,in_sample
2018-04-27,ES1!,short,L,-1,2018-W17,in_sample
2018-04-27,ES1!,short,L,-1,2018-W17,in_sample
2018-05-02,EURUSD,short,W,1,2018-W18,in_sample
2018-05-03,ES1!,short,BE,0,2018-W18,in_sample
2018-05-04,EURUSD,short,W,1,2018-W18,in_sample
2018-05-04,EURUSD,short,AMBIG,,2018-W18,in_sample
2018-05-04,EURUSD,short,BE,0,2018-W18,in_sample
2018-05-07,XAUUSD,long,W,1,2018-W19,in_sample
2018-05-08,EURUSD,short,W,1,2018-W19,in_sample
2018-05-08,FDAX1!,long,W,1,2018-W19,in_sample
2018-05-09,NK2251!,long,W,1,2018-W19,in_sample
2018-05-10,NK2251!,long,W,1,2018-W19,in_sample
2018-05-16,ES1!,long,L,-1,2018-W20,in_sample
2018-05-16,ES1!,long,W,1,2018-W20,in_sample
2018-05-16,NK2251!,long,W,1,2018-W20,in_sample
2018-05-17,ES1!,long,L,-1,2018-W20,in_sample
2018-05-18,EURUSD,short,BE,0,2018-W20,in_sample
2018-05-18,NQ1!,short,W,1,2018-W20,in_sample
2018-05-18,NQ1!,short,L,-1,2018-W20,in_sample
2018-05-20,ES1!,long,BE,0,2018-W20,in_sample
2018-05-20,ES1!,long,W,1,2018-W20,in_sample
2018-05-21,ES1!,long,BE,0,2018-W21,in_sample
2018-05-23,EURUSD,short,W,1,2018-W21,in_sample
2018-05-23,EURUSD,short,W,1,2018-W21,in_sample
2018-05-23,NQ1!,short,BE,0,2018-W21,in_sample
2018-05-23,NQ1!,short,BE,0,2018-W21,in_sample
2018-05-23,NQ1!,short,W,1,2018-W21,in_sample
2018-05-24,ES1!,long,L,-1,2018-W21,in_sample
2018-05-25,ES1!,long,L,-1,2018-W21,in_sample
2018-05-25,EURUSD,short,W,1,2018-W21,in_sample
2018-05-25,EURUSD,short,BE,0,2018-W21,in_sample
2018-05-29,FDAX1!,short,W,1,2018-W22,in_sample
2018-05-29,NK2251!,short,W,1,2018-W22,in_sample
2018-05-29,NK2251!,short,W,1,2018-W22,in_sample
2018-05-29,XAUUSD,long,L,-1,2018-W22,in_sample
2018-05-29,XAUUSD,long,L,-1,2018-W22,in_sample
2018-05-31,ES1!,short,W,1,2018-W22,in_sample
2018-05-31,EURUSD,long,L,-1,2018-W22,in_sample
2018-05-31,FDAX1!,short,W,1,2018-W22,in_sample
2018-05-31,FDAX1!,short,W,1,2018-W22,in_sample
2018-05-31,NK2251!,short,L,-1,2018-W22,in_sample
2018-06-01,EURUSD,long,L,-1,2018-W22,in_sample
2018-06-01,XAUUSD,long,L,-1,2018-W22,in_sample
2018-06-05,Z1!,short,W,1,2018-W23,in_sample
2018-06-06,XAUUSD,short,L,-1,2018-W23,in_sample
2018-06-08,XAUUSD,short,L,-1,2018-W23,in_sample
2018-06-10,EURUSD,long,W,1,2018-W23,in_sample
2018-06-11,FDAX1!,long,BE,0,2018-W24,in_sample
2018-06-11,NQ1!,long,W,1,2018-W24,in_sample
2018-06-11,NQ1!,long,W,1,2018-W24,in_sample
2018-06-11,XAUUSD,short,W,1,2018-W24,in_sample
2018-06-12,XAUUSD,short,W,1,2018-W24,in_sample
2018-06-12,XAUUSD,short,W,1,2018-W24,in_sample
2018-06-13,XAUUSD,short,L,-1,2018-W24,in_sample
2018-06-14,FDAX1!,long,W,1,2018-W24,in_sample
2018-06-15,ES1!,short,BE,0,2018-W24,in_sample
2018-06-15,NK2251!,short,W,1,2018-W24,in_sample
2018-06-18,ES1!,short,BE,0,2018-W25,in_sample
2018-06-18,NQ1!,long,L,-1,2018-W25,in_sample
2018-06-18,XAUUSD,short,L,-1,2018-W25,in_sample
2018-06-21,Z1!,short,W,1,2018-W25,in_sample
2018-06-22,NQ1!,long,L,-1,2018-W25,in_sample
2018-06-25,NK2251!,short,W,1,2018-W26,in_sample
2018-06-25,NK2251!,short,W,1,2018-W26,in_sample
2018-06-25,Z1!,short,BE,0,2018-W26,in_sample
2018-06-26,XAUUSD,short,W,1,2018-W26,in_sample
2018-06-26,XAUUSD,short,W,1,2018-W26,in_sample
2018-06-27,NQ1!,short,W,1,2018-W26,in_sample
2018-06-28,ES1!,short,BE,0,2018-W26,in_sample
2018-07-02,ES1!,short,L,-1,2018-W27,in_sample
2018-07-02,FDAX1!,short,W,1,2018-W27,in_sample
2018-07-02,NQ1!,long,W,1,2018-W27,in_sample
2018-07-03,EURUSD,long,W,1,2018-W27,in_sample
2018-07-03,NQ1!,long,W,1,2018-W27,in_sample
2018-07-03,Z1!,long,L,-1,2018-W27,in_sample
2018-07-04,EURUSD,long,W,1,2018-W27,in_sample
2018-07-04,EURUSD,long,L,-1,2018-W27,in_sample
2018-07-04,FDAX1!,short,L,-1,2018-W27,in_sample
2018-07-05,EURUSD,long,W,1,2018-W27,in_sample
2018-07-05,NK2251!,short,W,1,2018-W27,in_sample
2018-07-05,NQ1!,long,W,1,2018-W27,in_sample
2018-07-05,NQ1!,long,W,1,2018-W27,in_sample
2018-07-05,Z1!,long,L,-1,2018-W27,in_sample
2018-07-05,Z1!,long,W,1,2018-W27,in_sample
2018-07-05,Z1!,long,W,1,2018-W27,in_sample
2018-07-06,NQ1!,long,BE,0,2018-W27,in_sample
2018-07-09,XAUUSD,long,BE,0,2018-W28,in_sample
2018-07-09,Z1!,long,L,-1,2018-W28,in_sample
2018-07-11,EURUSD,long,L,-1,2018-W28,in_sample
2018-07-11,XAUUSD,short,W,1,2018-W28,in_sample
2018-07-13,XAUUSD,short,W,1,2018-W28,in_sample
2018-07-17,FDAX1!,short,W,1,2018-W29,in_sample
2018-07-17,XAUUSD,short,L,-1,2018-W29,in_sample
2018-07-17,XAUUSD,short,W,1,2018-W29,in_sample
2018-07-19,EURUSD,short,W,1,2018-W29,in_sample
2018-07-19,NK2251!,long,L,-1,2018-W29,in_sample
2018-07-25,EURUSD,long,L,-1,2018-W30,in_sample
2018-07-25,EURUSD,long,L,-1,2018-W30,in_sample
2018-07-25,NQ1!,long,W,1,2018-W30,in_sample
2018-07-25,XAUUSD,long,BE,0,2018-W30,in_sample
2018-07-27,Z1!,long,W,1,2018-W30,in_sample
2018-07-30,EURUSD,long,W,1,2018-W31,in_sample
2018-07-30,NK2251!,short,W,1,2018-W31,in_sample
2018-07-30,XAUUSD,short,L,-1,2018-W31,in_sample
2018-07-31,EURUSD,long,W,1,2018-W31,in_sample
2018-07-31,XAUUSD,short,BE,0,2018-W31,in_sample
2018-07-31,Z1!,long,W,1,2018-W31,in_sample
2018-08-01,ES1!,short,W,1,2018-W31,in_sample
2018-08-01,EURUSD,long,L,-1,2018-W31,in_sample
2018-08-02,ES1!,short,W,1,2018-W31,in_sample
2018-08-02,NQ1!,short,W,1,2018-W31,in_sample
2018-08-02,NQ1!,short,L,-1,2018-W31,in_sample
2018-08-08,XAUUSD,short,L,-1,2018-W32,in_sample
2018-08-08,XAUUSD,short,L,-1,2018-W32,in_sample
2018-08-09,FDAX1!,short,W,1,2018-W32,in_sample
2018-08-09,FDAX1!,short,W,1,2018-W32,in_sample
2018-08-10,FDAX1!,short,W,1,2018-W32,in_sample
2018-08-10,XAUUSD,short,W,1,2018-W32,in_sample
2018-08-10,XAUUSD,short,W,1,2018-W32,in_sample
2018-08-13,XAUUSD,short,BE,0,2018-W33,in_sample
2018-08-14,EURUSD,short,W,1,2018-W33,in_sample
2018-08-14,NQ1!,short,W,1,2018-W33,in_sample
2018-08-15,ES1!,short,W,1,2018-W33,in_sample
2018-08-15,NQ1!,short,W,1,2018-W33,in_sample
2018-08-17,EURUSD,long,W,1,2018-W33,in_sample
2018-08-21,Z1!,short,W,1,2018-W34,in_sample
2018-08-23,ES1!,long,W,1,2018-W34,in_sample
2018-08-23,ES1!,long,L,-1,2018-W34,in_sample
2018-08-23,EURUSD,long,L,-1,2018-W34,in_sample
2018-08-24,ES1!,long,W,1,2018-W34,in_sample
2018-08-24,Z1!,short,L,-1,2018-W34,in_sample
2018-08-29,ES1!,long,W,1,2018-W35,in_sample
2018-08-30,EURUSD,short,BE,0,2018-W35,in_sample
2018-08-30,XAUUSD,short,BE,0,2018-W35,in_sample
2018-08-31,FDAX1!,long,L,-1,2018-W35,in_sample
2018-08-31,NQ1!,long,L,-1,2018-W35,in_sample
2018-09-03,ES1!,short,W,1,2018-W36,in_sample
2018-09-03,NK2251!,short,BE,0,2018-W36,in_sample
2018-09-03,NK2251!,short,BE,0,2018-W36,in_sample
2018-09-03,NQ1!,long,L,-1,2018-W36,in_sample
2018-09-03,NQ1!,long,L,-1,2018-W36,in_sample
2018-09-04,ES1!,short,W,1,2018-W36,in_sample
2018-09-05,Z1!,short,W,1,2018-W36,in_sample
2018-09-07,EURUSD,long,AMBIG,,2018-W36,in_sample
2018-09-07,XAUUSD,short,W,1,2018-W36,in_sample
2018-09-07,XAUUSD,short,W,1,2018-W36,in_sample
2018-09-10,NQ1!,short,L,-1,2018-W37,in_sample
2018-09-11,FDAX1!,short,W,1,2018-W37,in_sample
2018-09-11,NQ1!,short,L,-1,2018-W37,in_sample
2018-09-11,XAUUSD,short,W,1,2018-W37,in_sample
2018-09-11,Z1!,short,BE,0,2018-W37,in_sample
2018-09-12,NK2251!,long,W,1,2018-W37,in_sample
2018-09-13,ES1!,long,W,1,2018-W37,in_sample
2018-09-14,Z1!,long,L,-1,2018-W37,in_sample
2018-09-17,ES1!,long,L,-1,2018-W38,in_sample
2018-09-18,ES1!,long,L,-1,2018-W38,in_sample
2018-09-18,EURUSD,long,BE,0,2018-W38,in_sample
2018-09-18,EURUSD,long,BE,0,2018-W38,in_sample
2018-09-19,NQ1!,short,W,1,2018-W38,in_sample
2018-09-19,XAUUSD,long,L,-1,2018-W38,in_sample
2018-09-19,XAUUSD,long,L,-1,2018-W38,in_sample
2018-09-20,XAUUSD,long,L,-1,2018-W38,in_sample
2018-09-24,ES1!,long,L,-1,2018-W39,in_sample
2018-09-24,EURUSD,long,AMBIG,,2018-W39,in_sample
2018-09-26,ES1!,long,BE,0,2018-W39,in_sample
2018-09-26,FDAX1!,long,L,-1,2018-W39,in_sample
2018-09-26,XAUUSD,short,L,-1,2018-W39,in_sample
2018-09-26,XAUUSD,short,W,1,2018-W39,in_sample
2018-09-27,NQ1!,long,W,1,2018-W39,in_sample
2018-09-27,Z1!,long,BE,0,2018-W39,in_sample
2018-09-28,ES1!,short,W,1,2018-W39,in_sample
2018-10-03,ES1!,long,BE,0,2018-W40,in_sample
2018-10-03,NQ1!,long,W,1,2018-W40,in_sample
2018-10-05,FDAX1!,short,W,1,2018-W40,in_sample
2018-10-05,XAUUSD,long,W,1,2018-W40,in_sample
2018-10-10,ES1!,short,W,1,2018-W41,in_sample
2018-10-10,FDAX1!,short,W,1,2018-W41,in_sample
2018-10-10,XAUUSD,short,W,1,2018-W41,in_sample
2018-10-15,EURUSD,long,W,1,2018-W42,in_sample
2018-10-15,NQ1!,short,L,-1,2018-W42,in_sample
2018-10-15,XAUUSD,long,W,1,2018-W42,in_sample
2018-10-16,EURUSD,long,BE,0,2018-W42,in_sample
2018-10-19,XAUUSD,short,L,-1,2018-W42,in_sample
2018-10-22,ES1!,short,W,1,2018-W43,in_sample
2018-10-22,NQ1!,short,W,1,2018-W43,in_sample
2018-10-23,EURUSD,long,L,-1,2018-W43,in_sample
2018-10-23,FDAX1!,short,W,1,2018-W43,in_sample
2018-10-25,XAUUSD,long,L,-1,2018-W43,in_sample
2018-10-26,ES1!,short,BE,0,2018-W43,in_sample
2018-10-26,NQ1!,short,BE,0,2018-W43,in_sample
2018-10-26,XAUUSD,long,BE,0,2018-W43,in_sample
2018-10-30,Z1!,long,W,1,2018-W44,in_sample
2018-11-01,NK2251!,long,W,1,2018-W44,in_sample
2018-11-02,XAUUSD,short,L,-1,2018-W44,in_sample
2018-11-02,XAUUSD,short,W,1,2018-W44,in_sample
2018-11-05,ES1!,long,W,1,2018-W45,in_sample
2018-11-05,ES1!,long,W,1,2018-W45,in_sample
2018-11-05,XAUUSD,short,L,-1,2018-W45,in_sample
2018-11-05,Z1!,long,L,-1,2018-W45,in_sample
2018-11-06,ES1!,long,L,-1,2018-W45,in_sample
2018-11-06,EURUSD,long,L,-1,2018-W45,in_sample
2018-11-06,EURUSD,long,W,1,2018-W45,in_sample
2018-11-06,XAUUSD,short,L,-1,2018-W45,in_sample
2018-11-07,FDAX1!,long,L,-1,2018-W45,in_sample
2018-11-07,NK2251!,long,L,-1,2018-W45,in_sample
2018-11-09,ES1!,long,L,-1,2018-W45,in_sample
2018-11-09,Z1!,long,W,1,2018-W45,in_sample
2018-11-12,Z1!,long,W,1,2018-W46,in_sample
2018-11-14,NK2251!,short,L,-1,2018-W46,in_sample
2018-11-15,FDAX1!,short,W,1,2018-W46,in_sample
2018-11-15,FDAX1!,short,BE,0,2018-W46,in_sample
2018-11-15,NK2251!,short,L,-1,2018-W46,in_sample
2018-11-15,XAUUSD,short,L,-1,2018-W46,in_sample
2018-11-15,Z1!,short,L,-1,2018-W46,in_sample
2018-11-16,NK2251!,short,BE,0,2018-W46,in_sample
2018-11-16,NQ1!,short,W,1,2018-W46,in_sample
2018-11-16,Z1!,short,W,1,2018-W46,in_sample
2018-11-16,Z1!,short,BE,0,2018-W46,in_sample
2018-11-20,NK2251!,short,BE,0,2018-W47,in_sample
2018-11-20,Z1!,short,BE,0,2018-W47,in_sample
2018-11-20,Z1!,short,BE,0,2018-W47,in_sample
2018-11-22,ES1!,short,W,1,2018-W47,in_sample
2018-11-22,NQ1!,short,W,1,2018-W47,in_sample
2018-11-22,NQ1!,short,L,-1,2018-W47,in_sample
2018-11-22,Z1!,short,W,1,2018-W47,in_sample
2018-11-23,EURUSD,short,W,1,2018-W47,in_sample
2018-11-23,NQ1!,short,L,-1,2018-W47,in_sample
2018-11-26,XAUUSD,long,L,-1,2018-W48,in_sample
2018-11-28,FDAX1!,long,L,-1,2018-W48,in_sample
2018-11-28,Z1!,short,L,-1,2018-W48,in_sample
2018-11-30,NK2251!,long,W,1,2018-W48,in_sample
2018-11-30,Z1!,short,W,1,2018-W48,in_sample
2018-11-30,Z1!,short,L,-1,2018-W48,in_sample
2018-12-06,EURUSD,long,W,1,2018-W49,in_sample
2018-12-06,XAUUSD,long,BE,0,2018-W49,in_sample
2018-12-07,EURUSD,long,BE,0,2018-W49,in_sample
2018-12-07,NK2251!,short,W,1,2018-W49,in_sample
2018-12-10,NK2251!,short,L,-1,2018-W50,in_sample
2018-12-10,NK2251!,short,W,1,2018-W50,in_sample
2018-12-13,ES1!,short,W,1,2018-W50,in_sample
2018-12-13,Z1!,short,W,1,2018-W50,in_sample
2018-12-14,ES1!,short,W,1,2018-W50,in_sample
2018-12-14,EURUSD,short,W,1,2018-W50,in_sample
2018-12-17,ES1!,short,W,1,2018-W51,in_sample
2018-12-17,ES1!,short,W,1,2018-W51,in_sample
2018-12-17,FDAX1!,long,L,-1,2018-W51,in_sample
2018-12-17,Z1!,short,W,1,2018-W51,in_sample
2018-12-19,FDAX1!,short,W,1,2018-W51,in_sample
2018-12-19,FDAX1!,short,AMBIG,,2018-W51,in_sample
2018-12-19,Z1!,short,BE,0,2018-W51,in_sample
2018-12-27,XAUUSD,long,W,1,2018-W52,in_sample
2018-12-28,EURUSD,long,L,-1,2018-W52,in_sample
2018-12-28,XAUUSD,long,AMBIG,,2018-W52,in_sample
2019-01-02,EURUSD,long,BE,0,2019-W01,in_sample
2019-01-02,EURUSD,long,BE,0,2019-W01,in_sample
2019-01-04,FDAX1!,long,W,1,2019-W01,in_sample
2019-01-04,FDAX1!,long,W,1,2019-W01,in_sample
2019-01-08,EURUSD,short,L,-1,2019-W02,in_sample
2019-01-08,FDAX1!,long,W,1,2019-W02,in_sample
2019-01-08,XAUUSD,short,W,1,2019-W02,in_sample
2019-01-08,XAUUSD,short,L,-1,2019-W02,in_sample
2019-01-11,NQ1!,short,W,1,2019-W02,in_sample
2019-01-14,NK2251!,short,L,-1,2019-W03,in_sample
2019-01-14,NQ1!,short,W,1,2019-W03,in_sample
2019-01-15,ES1!,long,BE,0,2019-W03,in_sample
2019-01-16,XAUUSD,long,L,-1,2019-W03,in_sample
2019-01-16,XAUUSD,long,L,-1,2019-W03,in_sample
2019-01-16,Z1!,short,W,1,2019-W03,in_sample
2019-01-16,Z1!,short,BE,0,2019-W03,in_sample
2019-01-17,Z1!,short,BE,0,2019-W03,in_sample
2019-01-23,ES1!,long,L,-1,2019-W04,in_sample
2019-01-23,EURUSD,short,L,-1,2019-W04,in_sample
2019-01-23,FDAX1!,long,W,1,2019-W04,in_sample
2019-01-24,NK2251!,long,W,1,2019-W04,in_sample
2019-01-30,ES1!,long,W,1,2019-W05,in_sample
2019-02-04,FDAX1!,short,L,-1,2019-W06,in_sample
2019-02-04,NK2251!,long,BE,0,2019-W06,in_sample
2019-02-04,NK2251!,long,BE,0,2019-W06,in_sample
2019-02-04,NQ1!,long,W,1,2019-W06,in_sample
2019-02-04,NQ1!,long,W,1,2019-W06,in_sample
2019-02-05,XAUUSD,long,L,-1,2019-W06,in_sample
2019-02-07,Z1!,long,BE,0,2019-W06,in_sample
2019-02-12,XAUUSD,short,L,-1,2019-W07,in_sample
2019-02-13,XAUUSD,short,L,-1,2019-W07,in_sample
2019-02-14,XAUUSD,long,L,-1,2019-W07,in_sample
2019-02-15,NQ1!,long,BE,0,2019-W07,in_sample
2019-02-20,NQ1!,long,BE,0,2019-W08,in_sample
2019-02-21,NQ1!,long,W,1,2019-W08,in_sample
2019-02-24,NK2251!,long,BE,0,2019-W08,in_sample
2019-02-25,XAUUSD,short,L,-1,2019-W09,in_sample
2019-02-25,Z1!,short,W,1,2019-W09,in_sample
2019-02-25,Z1!,short,W,1,2019-W09,in_sample
2019-02-26,EURUSD,long,L,-1,2019-W09,in_sample
2019-02-26,XAUUSD,short,W,1,2019-W09,in_sample
2019-02-27,XAUUSD,short,W,1,2019-W09,in_sample
2019-02-28,EURUSD,long,W,1,2019-W09,in_sample
2019-03-01,ES1!,long,W,1,2019-W09,in_sample
2019-03-01,NQ1!,long,W,1,2019-W09,in_sample
2019-03-01,NQ1!,long,L,-1,2019-W09,in_sample
2019-03-05,ES1!,long,L,-1,2019-W10,in_sample
2019-03-05,Z1!,long,BE,0,2019-W10,in_sample
2019-03-06,FDAX1!,long,W,1,2019-W10,in_sample
2019-03-06,FDAX1!,long,L,-1,2019-W10,in_sample
2019-03-06,NQ1!,short,W,1,2019-W10,in_sample
2019-03-07,NQ1!,short,W,1,2019-W10,in_sample
2019-03-07,XAUUSD,short,W,1,2019-W10,in_sample
2019-03-07,XAUUSD,short,BE,0,2019-W10,in_sample
2019-03-12,EURUSD,short,L,-1,2019-W11,in_sample
2019-03-12,Z1!,short,AMBIG,,2019-W11,in_sample
2019-03-13,Z1!,short,L,-1,2019-W11,in_sample
2019-03-14,FDAX1!,long,BE,0,2019-W11,in_sample
2019-03-14,NK2251!,short,W,1,2019-W11,in_sample
2019-03-15,ES1!,long,W,1,2019-W11,in_sample
2019-03-15,ES1!,long,L,-1,2019-W11,in_sample
2019-03-15,EURUSD,long,BE,0,2019-W11,in_sample
2019-03-15,NQ1!,long,L,-1,2019-W11,in_sample
2019-03-15,XAUUSD,long,W,1,2019-W11,in_sample
2019-03-18,XAUUSD,long,W,1,2019-W12,in_sample
2019-03-18,XAUUSD,long,W,1,2019-W12,in_sample
2019-03-19,FDAX1!,long,W,1,2019-W12,in_sample
2019-03-19,FDAX1!,long,W,1,2019-W12,in_sample
2019-03-19,NQ1!,long,W,1,2019-W12,in_sample
2019-03-19,XAUUSD,long,L,-1,2019-W12,in_sample
2019-03-20,XAUUSD,long,BE,0,2019-W12,in_sample
2019-03-20,Z1!,long,L,-1,2019-W12,in_sample
2019-03-21,Z1!,long,W,1,2019-W12,in_sample
2019-03-21,Z1!,long,BE,0,2019-W12,in_sample
2019-03-22,XAUUSD,long,W,1,2019-W12,in_sample
2019-03-24,XAUUSD,long,L,-1,2019-W12,in_sample
2019-03-26,EURUSD,short,W,1,2019-W13,in_sample
2019-03-26,EURUSD,short,L,-1,2019-W13,in_sample
2019-03-26,EURUSD,short,L,-1,2019-W13,in_sample
2019-03-27,ES1!,long,W,1,2019-W13,in_sample
2019-03-27,NK2251!,short,L,-1,2019-W13,in_sample
2019-03-27,NQ1!,short,W,1,2019-W13,in_sample
2019-03-27,XAUUSD,long,L,-1,2019-W13,in_sample
2019-03-27,Z1!,short,L,-1,2019-W13,in_sample
2019-03-29,ES1!,short,L,-1,2019-W13,in_sample
2019-03-29,FDAX1!,short,L,-1,2019-W13,in_sample
2019-04-01,XAUUSD,short,L,-1,2019-W14,in_sample
2019-04-01,XAUUSD,short,BE,0,2019-W14,in_sample
2019-04-04,ES1!,long,L,-1,2019-W14,in_sample
2019-04-04,NQ1!,long,L,-1,2019-W14,in_sample
2019-04-10,NQ1!,long,BE,0,2019-W15,in_sample
2019-04-11,ES1!,short,L,-1,2019-W15,in_sample
2019-04-12,NQ1!,long,W,1,2019-W15,in_sample
2019-04-12,NQ1!,long,BE,0,2019-W15,in_sample
2019-04-14,XAUUSD,short,BE,0,2019-W15,in_sample
2019-04-15,EURUSD,long,W,1,2019-W16,in_sample
2019-04-17,XAUUSD,short,W,1,2019-W16,in_sample
2019-04-18,XAUUSD,short,BE,0,2019-W16,in_sample
2019-04-21,NQ1!,long,W,1,2019-W16,in_sample
2019-04-22,NQ1!,long,BE,0,2019-W17,in_sample
2019-04-23,EURUSD,short,L,-1,2019-W17,in_sample
2019-04-24,FDAX1!,long,W,1,2019-W17,in_sample
2019-04-26,ES1!,long,BE,0,2019-W17,in_sample
2019-04-26,Z1!,short,W,1,2019-W17,in_sample
2019-04-29,Z1!,short,W,1,2019-W18,in_sample
2019-05-01,XAUUSD,long,W,1,2019-W18,in_sample
2019-05-07,ES1!,short,W,1,2019-W19,in_sample
2019-05-07,NQ1!,short,W,1,2019-W19,in_sample
2019-05-08,ES1!,short,W,1,2019-W19,in_sample
2019-05-08,EURUSD,short,L,-1,2019-W19,in_sample
2019-05-09,FDAX1!,short,W,1,2019-W19,in_sample
2019-05-09,XAUUSD,long,W,1,2019-W19,in_sample
2019-05-09,Z1!,short,W,1,2019-W19,in_sample
2019-05-09,Z1!,short,BE,0,2019-W19,in_sample
2019-05-10,NK2251!,short,L,-1,2019-W19,in_sample
2019-05-10,NQ1!,short,W,1,2019-W19,in_sample
2019-05-10,XAUUSD,long,L,-1,2019-W19,in_sample
2019-05-13,XAUUSD,long,W,1,2019-W20,in_sample
2019-05-15,ES1!,short,W,1,2019-W20,in_sample
2019-05-15,NQ1!,short,W,1,2019-W20,in_sample
2019-05-16,FDAX1!,short,W,1,2019-W20,in_sample
2019-05-16,XAUUSD,long,L,-1,2019-W20,in_sample
2019-05-19,NK2251!,long,BE,0,2019-W20,in_sample
2019-05-20,FDAX1!,long,L,-1,2019-W21,in_sample
2019-05-20,Z1!,long,BE,0,2019-W21,in_sample
2019-05-21,ES1!,long,W,1,2019-W21,in_sample
2019-05-21,EURUSD,short,W,1,2019-W21,in_sample
2019-05-21,NQ1!,long,L,-1,2019-W21,in_sample
2019-05-21,XAUUSD,short,W,1,2019-W21,in_sample
2019-05-22,XAUUSD,short,L,-1,2019-W21,in_sample
2019-05-28,ES1!,short,W,1,2019-W22,in_sample
2019-05-28,FDAX1!,short,W,1,2019-W22,in_sample
2019-05-28,FDAX1!,short,W,1,2019-W22,in_sample
2019-05-28,NK2251!,short,W,1,2019-W22,in_sample
2019-05-28,NQ1!,short,L,-1,2019-W22,in_sample
2019-05-29,Z1!,short,W,1,2019-W22,in_sample
2019-05-31,EURUSD,long,L,-1,2019-W22,in_sample
2019-06-04,Z1!,short,L,-1,2019-W23,in_sample
2019-06-05,EURUSD,long,W,1,2019-W23,in_sample
2019-06-06,NK2251!,long,BE,0,2019-W23,in_sample
2019-06-06,NQ1!,long,BE,0,2019-W23,in_sample
2019-06-06,Z1!,long,W,1,2019-W23,in_sample
2019-06-07,XAUUSD,long,BE,0,2019-W23,in_sample
2019-06-13,NK2251!,long,L,-1,2019-W24,in_sample
2019-06-13,XAUUSD,short,L,-1,2019-W24,in_sample
2019-06-13,Z1!,long,L,-1,2019-W24,in_sample
2019-06-17,FDAX1!,short,W,1,2019-W25,in_sample
2019-06-17,NQ1!,long,W,1,2019-W25,in_sample
2019-06-17,NQ1!,long,W,1,2019-W25,in_sample
2019-06-17,NQ1!,long,W,1,2019-W25,in_sample
2019-06-18,EURUSD,short,W,1,2019-W25,in_sample
2019-06-18,NQ1!,long,W,1,2019-W25,in_sample
2019-06-19,XAUUSD,long,W,1,2019-W25,in_sample
2019-06-21,ES1!,long,BE,0,2019-W25,in_sample
2019-06-21,ES1!,long,BE,0,2019-W25,in_sample
2019-06-21,NK2251!,long,L,-1,2019-W25,in_sample
2019-06-21,XAUUSD,long,W,1,2019-W25,in_sample
2019-06-24,XAUUSD,long,W,1,2019-W26,in_sample
2019-06-26,EURUSD,long,L,-1,2019-W26,in_sample
2019-06-27,NK2251!,long,W,1,2019-W26,in_sample
2019-06-28,EURUSD,long,L,-1,2019-W26,in_sample
2019-06-28,EURUSD,long,L,-1,2019-W26,in_sample
2019-06-28,Z1!,long,W,1,2019-W26,in_sample
2019-07-03,ES1!,long,W,1,2019-W27,in_sample
2019-07-03,XAUUSD,short,L,-1,2019-W27,in_sample
2019-07-04,FDAX1!,long,L,-1,2019-W27,in_sample
2019-07-04,NK2251!,long,L,-1,2019-W27,in_sample
2019-07-04,XAUUSD,short,L,-1,2019-W27,in_sample
2019-07-05,EURUSD,short,W,1,2019-W27,in_sample
2019-07-05,EURUSD,short,W,1,2019-W27,in_sample
2019-07-05,XAUUSD,short,W,1,2019-W27,in_sample
2019-07-05,XAUUSD,short,W,1,2019-W27,in_sample
2019-07-08,XAUUSD,short,W,1,2019-W28,in_sample
2019-07-09,XAUUSD,short,L,-1,2019-W28,in_sample
2019-07-10,Z1!,long,L,-1,2019-W28,in_sample
2019-07-12,EURUSD,long,W,1,2019-W28,in_sample
2019-07-12,NQ1!,long,L,-1,2019-W28,in_sample
2019-07-12,NQ1!,long,L,-1,2019-W28,in_sample
2019-07-15,EURUSD,long,L,-1,2019-W29,in_sample
2019-07-15,Z1!,long,W,1,2019-W29,in_sample
2019-07-16,NK2251!,short,W,1,2019-W29,in_sample
2019-07-16,Z1!,long,W,1,2019-W29,in_sample
2019-07-17,Z1!,long,W,1,2019-W29,in_sample
2019-07-18,EURUSD,long,L,-1,2019-W29,in_sample
2019-07-18,EURUSD,long,L,-1,2019-W29,in_sample
2019-07-22,EURUSD,long,L,-1,2019-W30,in_sample
2019-07-22,FDAX1!,short,AMBIG,,2019-W30,in_sample
2019-07-22,XAUUSD,long,L,-1,2019-W30,in_sample
2019-07-25,Z1!,long,L,-1,2019-W30,in_sample
2019-07-29,ES1!,long,L,-1,2019-W31,in_sample
2019-07-29,EURUSD,long,L,-1,2019-W31,in_sample
2019-07-29,XAUUSD,short,L,-1,2019-W31,in_sample
2019-07-30,ES1!,long,L,-1,2019-W31,in_sample
2019-07-30,EURUSD,long,L,-1,2019-W31,in_sample
2019-07-30,FDAX1!,short,W,1,2019-W31,in_sample
2019-07-31,ES1!,long,W,1,2019-W31,in_sample
2019-07-31,EURUSD,long,L,-1,2019-W31,in_sample
2019-08-01,Z1!,long,L,-1,2019-W31,in_sample
2019-08-06,XAUUSD,long,BE,0,2019-W32,in_sample
2019-08-07,EURUSD,long,L,-1,2019-W32,in_sample
2019-08-07,NK2251!,short,L,-1,2019-W32,in_sample
2019-08-07,Z1!,short,L,-1,2019-W32,in_sample
2019-08-07,Z1!,short,L,-1,2019-W32,in_sample
2019-08-09,NQ1!,short,L,-1,2019-W32,in_sample
2019-08-09,XAUUSD,long,L,-1,2019-W32,in_sample
2019-08-12,ES1!,short,W,1,2019-W33,in_sample
2019-08-12,ES1!,short,L,-1,2019-W33,in_sample
2019-08-12,ES1!,short,W,1,2019-W33,in_sample
2019-08-12,EURUSD,short,W,1,2019-W33,in_sample
2019-08-12,NQ1!,short,L,-1,2019-W33,in_sample
2019-08-13,ES1!,short,L,-1,2019-W33,in_sample
2019-08-16,XAUUSD,short,L,-1,2019-W33,in_sample
2019-08-19,XAUUSD,short,L,-1,2019-W34,in_sample
2019-08-20,EURUSD,short,BE,0,2019-W34,in_sample
2019-08-20,NK2251!,short,W,1,2019-W34,in_sample
2019-08-20,Z1!,short,L,-1,2019-W34,in_sample
2019-08-21,ES1!,long,BE,0,2019-W34,in_sample
2019-08-21,NK2251!,short,W,1,2019-W34,in_sample
2019-08-21,XAUUSD,short,W,1,2019-W34,in_sample
2019-08-22,NK2251!,short,L,-1,2019-W34,in_sample
2019-08-22,XAUUSD,short,L,-1,2019-W34,in_sample
2019-08-22,XAUUSD,short,L,-1,2019-W34,in_sample
2019-08-22,Z1!,short,W,1,2019-W34,in_sample
2019-08-23,NK2251!,short,W,1,2019-W34,in_sample
2019-08-23,NQ1!,long,L,-1,2019-W34,in_sample
2019-08-23,Z1!,short,L,-1,2019-W34,in_sample
2019-08-23,Z1!,short,L,-1,2019-W34,in_sample
2019-08-26,ES1!,short,L,-1,2019-W35,in_sample
2019-08-27,EURUSD,long,L,-1,2019-W35,in_sample
2019-08-27,XAUUSD,long,W,1,2019-W35,in_sample
2019-08-27,XAUUSD,long,W,1,2019-W35,in_sample
2019-08-28,ES1!,short,L,-1,2019-W35,in_sample
2019-08-28,NK2251!,short,W,1,2019-W35,in_sample
2019-08-28,NQ1!,short,L,-1,2019-W35,in_sample
2019-08-29,XAUUSD,long,W,1,2019-W35,in_sample
2019-08-30,XAUUSD,short,BE,0,2019-W35,in_sample
2019-09-01,NQ1!,short,W,1,2019-W35,in_sample
2019-09-02,EURUSD,short,W,1,2019-W36,in_sample
2019-09-02,NQ1!,short,L,-1,2019-W36,in_sample
2019-09-04,ES1!,long,W,1,2019-W36,in_sample
2019-09-04,ES1!,long,W,1,2019-W36,in_sample
2019-09-04,ES1!,long,W,1,2019-W36,in_sample
2019-09-04,NK2251!,long,W,1,2019-W36,in_sample
2019-09-06,Z1!,long,W,1,2019-W36,in_sample
2019-09-09,ES1!,long,BE,0,2019-W37,in_sample
2019-09-09,XAUUSD,short,BE,0,2019-W37,in_sample
2019-09-09,Z1!,long,W,1,2019-W37,in_sample
2019-09-11,ES1!,short,L,-1,2019-W37,in_sample
2019-09-11,EURUSD,long,L,-1,2019-W37,in_sample
2019-09-13,XAUUSD,short,L,-1,2019-W37,in_sample
2019-09-17,ES1!,short,L,-1,2019-W38,in_sample
2019-09-17,NQ1!,long,L,-1,2019-W38,in_sample
2019-09-18,NK2251!,long,W,1,2019-W38,in_sample
2019-09-18,NK2251!,long,W,1,2019-W38,in_sample
2019-09-18,NQ1!,long,L,-1,2019-W38,in_sample
2019-09-18,XAUUSD,short,BE,0,2019-W38,in_sample
2019-09-18,Z1!,long,AMBIG,,2019-W38,in_sample
2019-09-19,NQ1!,long,L,-1,2019-W38,in_sample
2019-09-20,EURUSD,short,W,1,2019-W38,in_sample
2019-09-20,FDAX1!,short,L,-1,2019-W38,in_sample
2019-09-20,NQ1!,long,L,-1,2019-W38,in_sample
2019-09-20,NQ1!,long,L,-1,2019-W38,in_sample
2019-09-20,Z1!,long,L,-1,2019-W38,in_sample
2019-09-23,EURUSD,short,W,1,2019-W39,in_sample
2019-09-23,FDAX1!,short,W,1,2019-W39,in_sample
2019-09-24,ES1!,short,L,-1,2019-W39,in_sample
2019-09-24,ES1!,short,W,1,2019-W39,in_sample
2019-09-24,NQ1!,short,L,-1,2019-W39,in_sample
2019-09-24,NQ1!,short,W,1,2019-W39,in_sample
2019-09-26,FDAX1!,short,L,-1,2019-W39,in_sample
2019-09-26,NQ1!,short,W,1,2019-W39,in_sample
2019-09-26,XAUUSD,short,W,1,2019-W39,in_sample
2019-09-27,ES1!,short,BE,0,2019-W39,in_sample
2019-09-27,NK2251!,short,L,-1,2019-W39,in_sample
2019-09-27,NK2251!,short,L,-1,2019-W39,in_sample
2019-09-27,NQ1!,short,W,1,2019-W39,in_sample
2019-09-30,EURUSD,short,W,1,2019-W40,in_sample
2019-09-30,EURUSD,short,W,1,2019-W40,in_sample
2019-09-30,NK2251!,short,L,-1,2019-W40,in_sample
2019-10-02,EURUSD,short,W,1,2019-W40,in_sample
2019-10-02,XAUUSD,short,L,-1,2019-W40,in_sample
2019-10-03,XAUUSD,short,L,-1,2019-W40,in_sample
2019-10-07,EURUSD,long,L,-1,2019-W41,in_sample
2019-10-07,FDAX1!,short,L,-1,2019-W41,in_sample
2019-10-08,ES1!,short,W,1,2019-W41,in_sample
2019-10-08,NQ1!,short,W,1,2019-W41,in_sample
2019-10-08,NQ1!,short,L,-1,2019-W41,in_sample
2019-10-09,ES1!,short,L,-1,2019-W41,in_sample
2019-10-09,NK2251!,short,L,-1,2019-W41,in_sample
2019-10-09,NK2251!,short,W,1,2019-W41,in_sample
2019-10-09,NQ1!,short,L,-1,2019-W41,in_sample
2019-10-09,Z1!,short,W,1,2019-W41,in_sample
2019-10-10,FDAX1!,long,W,1,2019-W41,in_sample
2019-10-10,FDAX1!,long,BE,0,2019-W41,in_sample
2019-10-10,NQ1!,short,L,-1,2019-W41,in_sample
2019-10-10,Z1!,short,L,-1,2019-W41,in_sample
2019-10-10,Z1!,short,L,-1,2019-W41,in_sample
2019-10-14,ES1!,long,W,1,2019-W42,in_sample
2019-10-15,ES1!,long,W,1,2019-W42,in_sample
2019-10-15,EURUSD,long,W,1,2019-W42,in_sample
2019-10-15,EURUSD,long,L,-1,2019-W42,in_sample
2019-10-15,FDAX1!,long,W,1,2019-W42,in_sample
2019-10-15,Z1!,long,L,-1,2019-W42,in_sample
2019-10-16,EURUSD,long,W,1,2019-W42,in_sample
2019-10-16,XAUUSD,short,L,-1,2019-W42,in_sample
2019-10-17,ES1!,long,BE,0,2019-W42,in_sample
2019-10-17,NK2251!,long,W,1,2019-W42,in_sample
2019-10-17,NQ1!,long,W,1,2019-W42,in_sample
2019-10-21,XAUUSD,long,L,-1,2019-W43,in_sample
2019-10-22,EURUSD,long,L,-1,2019-W43,in_sample
2019-10-22,Z1!,long,W,1,2019-W43,in_sample
2019-10-23,ES1!,long,W,1,2019-W43,in_sample
2019-10-23,Z1!,long,BE,0,2019-W43,in_sample
2019-10-24,ES1!,long,L,-1,2019-W43,in_sample
2019-10-24,XAUUSD,short,L,-1,2019-W43,in_sample
2019-10-25,FDAX1!,long,W,1,2019-W43,in_sample
2019-10-27,NK2251!,long,BE,0,2019-W43,in_sample
2019-10-28,FDAX1!,long,W,1,2019-W44,in_sample
2019-10-28,Z1!,long,BE,0,2019-W44,in_sample
2019-10-29,EURUSD,short,L,-1,2019-W44,in_sample
2019-10-30,NQ1!,long,W,1,2019-W44,in_sample
2019-10-31,NK2251!,short,W,1,2019-W44,in_sample
2019-10-31,NQ1!,long,W,1,2019-W44,in_sample
2019-10-31,Z1!,short,AMBIG,,2019-W44,in_sample
2019-11-01,EURUSD,long,L,-1,2019-W44,in_sample
2019-11-01,NQ1!,long,W,1,2019-W44,in_sample
2019-11-04,EURUSD,long,L,-1,2019-W45,in_sample
2019-11-04,EURUSD,long,L,-1,2019-W45,in_sample
2019-11-06,EURUSD,short,BE,0,2019-W45,in_sample
2019-11-07,NQ1!,long,W,1,2019-W45,in_sample
2019-11-07,XAUUSD,short,W,1,2019-W45,in_sample
2019-11-07,XAUUSD,short,W,1,2019-W45,in_sample
2019-11-11,NQ1!,long,L,-1,2019-W46,in_sample
2019-11-12,ES1!,long,W,1,2019-W46,in_sample
2019-11-12,ES1!,long,BE,0,2019-W46,in_sample
2019-11-12,FDAX1!,long,W,1,2019-W46,in_sample
2019-11-12,FDAX1!,long,BE,0,2019-W46,in_sample
2019-11-12,NQ1!,long,BE,0,2019-W46,in_sample
2019-11-12,NQ1!,long,W,1,2019-W46,in_sample
2019-11-12,NQ1!,long,W,1,2019-W46,in_sample
2019-11-13,NK2251!,long,L,-1,2019-W46,in_sample
2019-11-13,Z1!,short,L,-1,2019-W46,in_sample
2019-11-14,FDAX1!,short,W,1,2019-W46,in_sample
2019-11-14,NQ1!,long,L,-1,2019-W46,in_sample
2019-11-14,Z1!,short,L,-1,2019-W46,in_sample
2019-11-14,Z1!,short,BE,0,2019-W46,in_sample
2019-11-15,ES1!,long,W,1,2019-W46,in_sample
2019-11-15,Z1!,short,BE,0,2019-W46,in_sample
2019-11-18,NK2251!,short,W,1,2019-W47,in_sample
2019-11-19,ES1!,long,W,1,2019-W47,in_sample
2019-11-19,NQ1!,long,W,1,2019-W47,in_sample
2019-11-20,NK2251!,short,W,1,2019-W47,in_sample
2019-11-22,NK2251!,short,L,-1,2019-W47,in_sample
2019-11-28,FDAX1!,short,W,1,2019-W48,in_sample
2019-11-29,EURUSD,short,L,-1,2019-W48,in_sample
2019-11-29,EURUSD,short,W,1,2019-W48,in_sample
2019-11-29,FDAX1!,short,W,1,2019-W48,in_sample
2019-11-29,XAUUSD,long,L,-1,2019-W48,in_sample
2019-11-29,XAUUSD,long,W,1,2019-W48,in_sample
2019-12-02,NQ1!,long,L,-1,2019-W49,in_sample
2019-12-03,XAUUSD,long,BE,0,2019-W49,in_sample
2019-12-04,NK2251!,long,W,1,2019-W49,in_sample
2019-12-05,NK2251!,long,L,-1,2019-W49,in_sample
2019-12-06,NK2251!,long,W,1,2019-W49,in_sample
2019-12-09,FDAX1!,short,W,1,2019-W50,in_sample
2019-12-09,FDAX1!,short,W,1,2019-W50,in_sample
2019-12-11,ES1!,long,W,1,2019-W50,in_sample
2019-12-11,ES1!,long,W,1,2019-W50,in_sample
2019-12-11,NQ1!,long,BE,0,2019-W50,in_sample
2019-12-12,ES1!,long,W,1,2019-W50,in_sample
2019-12-12,NK2251!,long,BE,0,2019-W50,in_sample
2019-12-12,NK2251!,long,W,1,2019-W50,in_sample
2019-12-12,XAUUSD,short,W,1,2019-W50,in_sample
2019-12-13,XAUUSD,long,W,1,2019-W50,in_sample
2019-12-13,XAUUSD,long,W,1,2019-W50,in_sample
2019-12-15,NQ1!,long,W,1,2019-W50,in_sample
2019-12-16,NQ1!,long,BE,0,2019-W51,in_sample
2019-12-16,XAUUSD,long,L,-1,2019-W51,in_sample
2019-12-17,EURUSD,long,L,-1,2019-W51,in_sample
2019-12-17,XAUUSD,long,W,1,2019-W51,in_sample
2019-12-18,NK2251!,long,L,-1,2019-W51,in_sample
2019-12-18,XAUUSD,long,L,-1,2019-W51,in_sample
2019-12-18,Z1!,long,BE,0,2019-W51,in_sample
2019-12-18,Z1!,long,BE,0,2019-W51,in_sample
2019-12-19,ES1!,long,W,1,2019-W51,in_sample
2019-12-20,Z1!,long,L,-1,2019-W51,in_sample
2019-12-23,NK2251!,long,L,-1,2019-W52,in_sample
2019-12-23,Z1!,long,BE,0,2019-W52,in_sample
2019-12-24,EURUSD,short,W,1,2019-W52,in_sample
2019-12-24,EURUSD,short,W,1,2019-W52,in_sample
2019-12-26,NQ1!,long,W,1,2019-W52,in_sample
2019-12-26,NQ1!,long,W,1,2019-W52,in_sample
2019-12-27,XAUUSD,long,W,1,2019-W52,in_sample
2020-01-06,EURUSD,long,L,-1,2020-W02,in_sample
2020-01-06,Z1!,short,W,1,2020-W02,in_sample
2020-01-07,NQ1!,long,L,-1,2020-W02,in_sample
2020-01-07,XAUUSD,long,W,1,2020-W02,in_sample
2020-01-13,FDAX1!,long,L,-1,2020-W03,in_sample
2020-01-13,NQ1!,long,AMBIG,,2020-W03,in_sample
2020-01-13,XAUUSD,short,W,1,2020-W03,in_sample
2020-01-15,ES1!,long,BE,0,2020-W03,in_sample
2020-01-15,EURUSD,long,L,-1,2020-W03,in_sample
2020-01-16,FDAX1!,long,W,1,2020-W03,in_sample
2020-01-16,FDAX1!,long,W,1,2020-W03,in_sample
2020-01-16,FDAX1!,long,L,-1,2020-W03,in_sample
2020-01-16,NQ1!,long,W,1,2020-W03,in_sample
2020-01-16,XAUUSD,short,W,1,2020-W03,in_sample
2020-01-16,XAUUSD,short,L,-1,2020-W03,in_sample
2020-01-17,Z1!,long,W,1,2020-W03,in_sample
2020-01-23,NQ1!,long,W,1,2020-W04,in_sample
2020-01-29,NK2251!,short,W,1,2020-W05,in_sample
2020-01-29,XAUUSD,long,W,1,2020-W05,in_sample
2020-01-29,XAUUSD,long,W,1,2020-W05,in_sample
2020-01-30,NQ1!,short,L,-1,2020-W05,in_sample
2020-01-30,XAUUSD,long,L,-1,2020-W05,in_sample
2020-01-30,Z1!,short,W,1,2020-W05,in_sample
2020-01-31,FDAX1!,short,W,1,2020-W05,in_sample
2020-01-31,XAUUSD,long,BE,0,2020-W05,in_sample
2020-02-03,ES1!,short,L,-1,2020-W06,in_sample
2020-02-03,FDAX1!,short,L,-1,2020-W06,in_sample
2020-02-03,NQ1!,short,L,-1,2020-W06,in_sample
2020-02-06,NQ1!,long,BE,0,2020-W06,in_sample
2020-02-07,XAUUSD,long,BE,0,2020-W06,in_sample
2020-02-10,ES1!,long,W,1,2020-W07,in_sample
2020-02-10,EURUSD,short,W,1,2020-W07,in_sample
2020-02-10,NQ1!,long,W,1,2020-W07,in_sample
2020-02-11,ES1!,long,W,1,2020-W07,in_sample
2020-02-12,XAUUSD,long,W,1,2020-W07,in_sample
2020-02-12,XAUUSD,long,W,1,2020-W07,in_sample
2020-02-12,Z1!,long,BE,0,2020-W07,in_sample
2020-02-13,EURUSD,long,W,1,2020-W07,in_sample
2020-02-14,FDAX1!,long,BE,0,2020-W07,in_sample
2020-02-17,FDAX1!,long,L,-1,2020-W08,in_sample
2020-02-18,EURUSD,short,BE,0,2020-W08,in_sample
2020-02-20,NK2251!,short,W,1,2020-W08,in_sample
2020-02-21,NK2251!,short,W,1,2020-W08,in_sample
2020-02-21,NK2251!,short,W,1,2020-W08,in_sample
2020-03-04,ES1!,long,W,1,2020-W10,in_sample
2020-03-04,FDAX1!,long,BE,0,2020-W10,in_sample
2020-03-04,NQ1!,long,L,-1,2020-W10,in_sample
2020-03-05,EURUSD,long,W,1,2020-W10,in_sample
2020-03-11,FDAX1!,short,W,1,2020-W11,in_sample
2020-03-11,Z1!,short,W,1,2020-W11,in_sample
2020-03-15,NK2251!,short,W,1,2020-W11,in_sample
2020-03-16,FDAX1!,short,W,1,2020-W12,in_sample
2020-03-17,ES1!,short,BE,0,2020-W12,in_sample
2020-03-17,EURUSD,short,W,1,2020-W12,in_sample
2020-03-17,NK2251!,short,L,-1,2020-W12,in_sample
2020-03-17,NQ1!,short,W,1,2020-W12,in_sample
2020-03-18,FDAX1!,short,BE,0,2020-W12,in_sample
2020-03-18,FDAX1!,short,BE,0,2020-W12,in_sample
2020-03-18,NK2251!,short,L,-1,2020-W12,in_sample
2020-03-18,NK2251!,short,L,-1,2020-W12,in_sample
2020-03-18,Z1!,short,BE,0,2020-W12,in_sample
2020-03-18,Z1!,short,W,1,2020-W12,in_sample
2020-03-24,FDAX1!,long,BE,0,2020-W13,in_sample
2020-03-25,EURUSD,long,L,-1,2020-W13,in_sample
2020-03-25,EURUSD,long,W,1,2020-W13,in_sample
2020-03-26,FDAX1!,long,L,-1,2020-W13,in_sample
2020-03-30,NK2251!,long,L,-1,2020-W14,in_sample
2020-03-31,FDAX1!,long,L,-1,2020-W14,in_sample
2020-04-01,EURUSD,short,W,1,2020-W14,in_sample
2020-04-03,FDAX1!,short,L,-1,2020-W14,in_sample
2020-04-03,NK2251!,short,L,-1,2020-W14,in_sample
2020-04-03,NQ1!,short,L,-1,2020-W14,in_sample
2020-04-06,Z1!,long,W,1,2020-W15,in_sample
2020-04-07,Z1!,long,BE,0,2020-W15,in_sample
2020-04-07,Z1!,long,W,1,2020-W15,in_sample
2020-04-08,EURUSD,short,L,-1,2020-W15,in_sample
2020-04-08,XAUUSD,long,W,1,2020-W15,in_sample
2020-04-09,Z1!,long,W,1,2020-W15,in_sample
2020-04-09,Z1!,long,BE,0,2020-W15,in_sample
2020-04-13,NQ1!,long,W,1,2020-W16,in_sample
2020-04-13,NQ1!,long,W,1,2020-W16,in_sample
2020-04-16,ES1!,long,W,1,2020-W16,in_sample
2020-04-17,FDAX1!,long,W,1,2020-W16,in_sample
2020-04-17,NK2251!,long,BE,0,2020-W16,in_sample
2020-04-17,Z1!,long,W,1,2020-W16,in_sample
2020-04-20,EURUSD,short,L,-1,2020-W17,in_sample
2020-04-20,NQ1!,long,L,-1,2020-W17,in_sample
2020-04-22,FDAX1!,long,W,1,2020-W17,in_sample
2020-04-23,Z1!,long,L,-1,2020-W17,in_sample
2020-04-24,NK2251!,long,W,1,2020-W17,in_sample
2020-04-27,FDAX1!,long,W,1,2020-W18,in_sample
2020-04-27,FDAX1!,long,W,1,2020-W18,in_sample
2020-04-27,Z1!,long,W,1,2020-W18,in_sample
2020-04-27,Z1!,long,W,1,2020-W18,in_sample
2020-04-27,Z1!,long,W,1,2020-W18,in_sample
2020-04-28,FDAX1!,long,BE,0,2020-W18,in_sample
2020-04-28,Z1!,long,W,1,2020-W18,in_sample
2020-04-29,XAUUSD,short,L,-1,2020-W18,in_sample
2020-05-05,FDAX1!,long,W,1,2020-W19,in_sample
2020-05-05,XAUUSD,short,W,1,2020-W19,in_sample
2020-05-06,FDAX1!,long,L,-1,2020-W19,in_sample
2020-05-06,XAUUSD,short,W,1,2020-W19,in_sample
2020-05-06,XAUUSD,short,L,-1,2020-W19,in_sample
2020-05-06,Z1!,long,W,1,2020-W19,in_sample
2020-05-07,ES1!,long,L,-1,2020-W19,in_sample
2020-05-07,FDAX1!,long,W,1,2020-W19,in_sample
2020-05-07,Z1!,long,L,-1,2020-W19,in_sample
2020-05-08,ES1!,long,L,-1,2020-W19,in_sample
2020-05-08,FDAX1!,long,W,1,2020-W19,in_sample
2020-05-08,FDAX1!,long,W,1,2020-W19,in_sample
2020-05-12,ES1!,long,L,-1,2020-W20,in_sample
2020-05-12,XAUUSD,long,W,1,2020-W20,in_sample
2020-05-12,XAUUSD,long,L,-1,2020-W20,in_sample
2020-05-12,Z1!,long,L,-1,2020-W20,in_sample
2020-05-12,Z1!,long,L,-1,2020-W20,in_sample
2020-05-13,XAUUSD,long,W,1,2020-W20,in_sample
2020-05-13,XAUUSD,long,W,1,2020-W20,in_sample
2020-05-13,Z1!,long,L,-1,2020-W20,in_sample
2020-05-14,XAUUSD,long,W,1,2020-W20,in_sample
2020-05-14,XAUUSD,long,W,1,2020-W20,in_sample
2020-05-18,EURUSD,short,L,-1,2020-W21,in_sample
2020-05-19,XAUUSD,long,W,1,2020-W21,in_sample
2020-05-20,FDAX1!,long,BE,0,2020-W21,in_sample
2020-05-20,FDAX1!,long,W,1,2020-W21,in_sample
2020-05-20,XAUUSD,long,L,-1,2020-W21,in_sample
2020-05-21,NK2251!,long,L,-1,2020-W21,in_sample
2020-05-21,Z1!,long,L,-1,2020-W21,in_sample
2020-05-22,FDAX1!,long,L,-1,2020-W21,in_sample
2020-05-22,Z1!,long,L,-1,2020-W21,in_sample
2020-05-26,XAUUSD,short,BE,0,2020-W22,in_sample
2020-05-29,NQ1!,short,L,-1,2020-W22,in_sample
2020-06-01,XAUUSD,long,BE,0,2020-W23,in_sample
2020-06-02,ES1!,long,BE,0,2020-W23,in_sample
2020-06-02,XAUUSD,long,BE,0,2020-W23,in_sample
2020-06-02,Z1!,long,W,1,2020-W23,in_sample
2020-06-05,FDAX1!,long,W,1,2020-W23,in_sample
2020-06-05,NK2251!,long,W,1,2020-W23,in_sample
2020-06-05,Z1!,long,W,1,2020-W23,in_sample
2020-06-14,NK2251!,short,W,1,2020-W24,in_sample
2020-06-17,EURUSD,short,BE,0,2020-W25,in_sample
2020-06-17,NK2251!,long,BE,0,2020-W25,in_sample
2020-06-17,XAUUSD,short,L,-1,2020-W25,in_sample
2020-06-17,XAUUSD,short,W,1,2020-W25,in_sample
2020-06-17,XAUUSD,short,L,-1,2020-W25,in_sample
2020-06-17,Z1!,short,W,1,2020-W25,in_sample
2020-06-18,NQ1!,long,BE,0,2020-W25,in_sample
2020-06-18,NQ1!,long,W,1,2020-W25,in_sample
2020-06-23,NK2251!,short,L,-1,2020-W26,in_sample
2020-06-24,Z1!,short,W,1,2020-W26,in_sample
2020-06-25,NQ1!,long,W,1,2020-W26,in_sample
2020-06-25,Z1!,short,W,1,2020-W26,in_sample
2020-06-25,Z1!,short,W,1,2020-W26,in_sample
2020-06-30,Z1!,short,W,1,2020-W27,in_sample
2020-07-01,EURUSD,short,L,-1,2020-W27,in_sample
2020-07-01,NK2251!,short,L,-1,2020-W27,in_sample
2020-07-01,NK2251!,short,L,-1,2020-W27,in_sample
2020-07-01,NK2251!,short,L,-1,2020-W27,in_sample
2020-07-01,XAUUSD,long,L,-1,2020-W27,in_sample
2020-07-01,Z1!,short,W,1,2020-W27,in_sample
2020-07-02,NK2251!,short,W,1,2020-W27,in_sample
2020-07-02,XAUUSD,long,L,-1,2020-W27,in_sample
2020-07-03,EURUSD,long,L,-1,2020-W27,in_sample
2020-07-09,Z1!,long,L,-1,2020-W28,in_sample
2020-07-10,NK2251!,long,W,1,2020-W28,in_sample
2020-07-10,XAUUSD,long,L,-1,2020-W28,in_sample
2020-07-14,ES1!,long,L,-1,2020-W29,in_sample
2020-07-14,NK2251!,long,W,1,2020-W29,in_sample
2020-07-14,NQ1!,short,W,1,2020-W29,in_sample
2020-07-14,XAUUSD,long,L,-1,2020-W29,in_sample
2020-07-15,Z1!,short,L,-1,2020-W29,in_sample
2020-07-16,ES1!,long,W,1,2020-W29,in_sample
2020-07-16,XAUUSD,long,L,-1,2020-W29,in_sample
2020-07-17,ES1!,long,W,1,2020-W29,in_sample
2020-07-17,FDAX1!,long,L,-1,2020-W29,in_sample
2020-07-17,FDAX1!,long,L,-1,2020-W29,in_sample
2020-07-17,NQ1!,long,W,1,2020-W29,in_sample
2020-07-17,Z1!,long,L,-1,2020-W29,in_sample
2020-07-17,Z1!,long,L,-1,2020-W29,in_sample
2020-07-17,Z1!,long,L,-1,2020-W29,in_sample
2020-07-20,ES1!,long,W,1,2020-W30,in_sample
2020-07-20,FDAX1!,long,BE,0,2020-W30,in_sample
2020-07-20,NQ1!,long,W,1,2020-W30,in_sample
2020-07-20,XAUUSD,long,W,1,2020-W30,in_sample
2020-07-20,XAUUSD,long,W,1,2020-W30,in_sample
2020-07-21,Z1!,long,W,1,2020-W30,in_sample
2020-07-22,NQ1!,long,L,-1,2020-W30,in_sample
2020-07-23,ES1!,long,BE,0,2020-W30,in_sample
2020-07-27,ES1!,short,L,-1,2020-W31,in_sample
2020-07-27,Z1!,long,W,1,2020-W31,in_sample
2020-07-28,NK2251!,short,W,1,2020-W31,in_sample
2020-07-28,Z1!,long,W,1,2020-W31,in_sample
2020-07-29,XAUUSD,long,L,-1,2020-W31,in_sample
2020-07-29,XAUUSD,long,L,-1,2020-W31,in_sample
2020-07-29,XAUUSD,long,L,-1,2020-W31,in_sample
2020-07-29,Z1!,long,L,-1,2020-W31,in_sample
2020-07-29,Z1!,long,L,-1,2020-W31,in_sample
2020-07-31,FDAX1!,short,W,1,2020-W31,in_sample
2020-07-31,XAUUSD,long,BE,0,2020-W31,in_sample
2020-08-04,ES1!,long,BE,0,2020-W32,in_sample
2020-08-04,EURUSD,long,W,1,2020-W32,in_sample
2020-08-04,EURUSD,long,W,1,2020-W32,in_sample
2020-08-04,NQ1!,long,BE,0,2020-W32,in_sample
2020-08-05,EURUSD,long,W,1,2020-W32,in_sample
2020-08-05,FDAX1!,long,W,1,2020-W32,in_sample
2020-08-06,FDAX1!,long,BE,0,2020-W32,in_sample
2020-08-07,Z1!,short,L,-1,2020-W32,in_sample
2020-08-10,EURUSD,long,L,-1,2020-W33,in_sample
2020-08-10,FDAX1!,short,L,-1,2020-W33,in_sample
2020-08-10,XAUUSD,long,W,1,2020-W33,in_sample
2020-08-10,XAUUSD,long,L,-1,2020-W33,in_sample
2020-08-12,XAUUSD,short,L,-1,2020-W33,in_sample
2020-08-13,ES1!,long,L,-1,2020-W33,in_sample
2020-08-13,NQ1!,long,W,1,2020-W33,in_sample
2020-08-13,XAUUSD,short,L,-1,2020-W33,in_sample
2020-08-16,EURUSD,long,BE,0,2020-W33,in_sample
2020-08-17,ES1!,long,BE,0,2020-W34,in_sample
2020-08-17,ES1!,long,BE,0,2020-W34,in_sample
2020-08-17,XAUUSD,long,W,1,2020-W34,in_sample
2020-08-17,Z1!,long,L,-1,2020-W34,in_sample
2020-08-18,FDAX1!,short,W,1,2020-W34,in_sample
2020-08-18,Z1!,long,L,-1,2020-W34,in_sample
2020-08-20,EURUSD,long,L,-1,2020-W34,in_sample
2020-08-26,ES1!,long,BE,0,2020-W35,in_sample
2020-08-26,EURUSD,short,L,-1,2020-W35,in_sample
2020-08-26,EURUSD,short,W,1,2020-W35,in_sample
2020-08-26,EURUSD,short,L,-1,2020-W35,in_sample
2020-08-26,FDAX1!,long,W,1,2020-W35,in_sample
2020-08-26,NK2251!,long,L,-1,2020-W35,in_sample
2020-08-27,EURUSD,short,L,-1,2020-W35,in_sample
2020-08-27,EURUSD,short,L,-1,2020-W35,in_sample
2020-08-27,XAUUSD,short,L,-1,2020-W35,in_sample
2020-08-27,Z1!,short,W,1,2020-W35,in_sample
2020-08-28,Z1!,short,W,1,2020-W35,in_sample
2020-09-01,ES1!,long,W,1,2020-W36,in_sample
2020-09-01,Z1!,short,W,1,2020-W36,in_sample
2020-09-03,XAUUSD,long,L,-1,2020-W36,in_sample
2020-09-04,EURUSD,long,L,-1,2020-W36,in_sample
2020-09-04,XAUUSD,long,L,-1,2020-W36,in_sample
2020-09-04,XAUUSD,long,L,-1,2020-W36,in_sample
2020-09-08,NQ1!,short,W,1,2020-W37,in_sample
2020-09-09,NK2251!,short,L,-1,2020-W37,in_sample
2020-09-09,XAUUSD,short,L,-1,2020-W37,in_sample
2020-09-10,ES1!,short,L,-1,2020-W37,in_sample
2020-09-10,FDAX1!,short,W,1,2020-W37,in_sample
2020-09-10,FDAX1!,short,W,1,2020-W37,in_sample
2020-09-10,XAUUSD,short,L,-1,2020-W37,in_sample
2020-09-10,XAUUSD,short,AMBIG,,2020-W37,in_sample
2020-09-11,XAUUSD,short,L,-1,2020-W37,in_sample
2020-09-11,Z1!,long,BE,0,2020-W37,in_sample
2020-09-13,XAUUSD,short,L,-1,2020-W37,in_sample
2020-09-14,EURUSD,long,L,-1,2020-W38,in_sample
2020-09-15,EURUSD,long,L,-1,2020-W38,in_sample
2020-09-15,Z1!,long,W,1,2020-W38,in_sample
2020-09-16,FDAX1!,long,L,-1,2020-W38,in_sample
2020-09-17,XAUUSD,short,L,-1,2020-W38,in_sample
2020-09-18,ES1!,short,BE,0,2020-W38,in_sample
2020-09-18,ES1!,short,BE,0,2020-W38,in_sample
2020-09-18,FDAX1!,short,L,-1,2020-W38,in_sample
2020-09-18,FDAX1!,short,W,1,2020-W38,in_sample
2020-09-18,NK2251!,short,W,1,2020-W38,in_sample
2020-09-21,FDAX1!,short,BE,0,2020-W39,in_sample
2020-09-21,XAUUSD,short,W,1,2020-W39,in_sample
2020-09-24,Z1!,short,BE,0,2020-W39,in_sample
2020-09-25,ES1!,short,L,-1,2020-W39,in_sample
2020-09-25,EURUSD,short,L,-1,2020-W39,in_sample
2020-09-25,EURUSD,short,W,1,2020-W39,in_sample
2020-09-25,NQ1!,long,W,1,2020-W39,in_sample
2020-09-25,XAUUSD,long,L,-1,2020-W39,in_sample
2020-09-25,Z1!,short,BE,0,2020-W39,in_sample
2020-09-29,Z1!,short,W,1,2020-W40,in_sample
2020-09-30,Z1!,short,L,-1,2020-W40,in_sample
2020-09-30,Z1!,short,L,-1,2020-W40,in_sample
2020-10-02,Z1!,short,L,-1,2020-W40,in_sample
2020-10-04,ES1!,long,W,1,2020-W40,in_sample
2020-10-05,ES1!,long,W,1,2020-W41,in_sample
2020-10-05,EURUSD,long,W,1,2020-W41,in_sample
2020-10-05,EURUSD,long,W,1,2020-W41,in_sample
2020-10-05,NK2251!,long,L,-1,2020-W41,in_sample
2020-10-05,NQ1!,long,W,1,2020-W41,in_sample
2020-10-05,NQ1!,long,W,1,2020-W41,in_sample
2020-10-06,FDAX1!,short,W,1,2020-W41,in_sample
2020-10-06,NQ1!,long,L,-1,2020-W41,in_sample
2020-10-06,NQ1!,long,L,-1,2020-W41,in_sample
2020-10-07,NK2251!,long,W,1,2020-W41,in_sample
2020-10-08,EURUSD,short,W,1,2020-W41,in_sample
2020-10-12,FDAX1!,long,W,1,2020-W42,in_sample
2020-10-14,NK2251!,long,L,-1,2020-W42,in_sample
2020-10-14,NQ1!,short,W,1,2020-W42,in_sample
2020-10-16,ES1!,long,L,-1,2020-W42,in_sample
2020-10-16,NQ1!,short,W,1,2020-W42,in_sample
2020-10-16,XAUUSD,long,L,-1,2020-W42,in_sample
2020-10-16,XAUUSD,long,L,-1,2020-W42,in_sample
2020-10-19,NQ1!,short,W,1,2020-W43,in_sample
2020-10-19,XAUUSD,long,W,1,2020-W43,in_sample
2020-10-20,FDAX1!,short,W,1,2020-W43,in_sample
2020-10-20,NK2251!,long,L,-1,2020-W43,in_sample
2020-10-20,NK2251!,long,L,-1,2020-W43,in_sample
2020-10-20,XAUUSD,long,L,-1,2020-W43,in_sample
2020-10-20,XAUUSD,long,W,1,2020-W43,in_sample
2020-10-21,ES1!,short,BE,0,2020-W43,in_sample
2020-10-21,ES1!,short,BE,0,2020-W43,in_sample
2020-10-21,FDAX1!,short,W,1,2020-W43,in_sample
2020-10-21,NQ1!,short,BE,0,2020-W43,in_sample
2020-10-21,NQ1!,short,BE,0,2020-W43,in_sample
2020-10-21,XAUUSD,long,L,-1,2020-W43,in_sample
2020-10-21,XAUUSD,long,L,-1,2020-W43,in_sample
2020-10-21,Z1!,short,W,1,2020-W43,in_sample
2020-10-21,Z1!,short,W,1,2020-W43,in_sample
2020-10-21,Z1!,short,W,1,2020-W43,in_sample
2020-10-22,NK2251!,long,L,-1,2020-W43,in_sample
2020-10-22,NQ1!,short,BE,0,2020-W43,in_sample
2020-10-23,EURUSD,long,W,1,2020-W43,in_sample
2020-10-23,Z1!,short,W,1,2020-W43,in_sample
2020-10-26,ES1!,short,W,1,2020-W44,in_sample
2020-10-26,Z1!,short,W,1,2020-W44,in_sample
2020-10-27,ES1!,short,W,1,2020-W44,in_sample
2020-10-27,NK2251!,short,W,1,2020-W44,in_sample
2020-10-27,Z1!,short,W,1,2020-W44,in_sample
2020-10-28,ES1!,short,W,1,2020-W44,in_sample
2020-10-28,NK2251!,short,W,1,2020-W44,in_sample
2020-10-28,NQ1!,short,W,1,2020-W44,in_sample
2020-10-28,XAUUSD,short,W,1,2020-W44,in_sample
2020-10-30,ES1!,short,W,1,2020-W44,in_sample
2020-11-03,FDAX1!,short,L,-1,2020-W45,in_sample
2020-11-03,FDAX1!,short,L,-1,2020-W45,in_sample
2020-11-06,ES1!,long,W,1,2020-W45,in_sample
2020-11-11,ES1!,long,L,-1,2020-W46,in_sample
2020-11-11,FDAX1!,short,W,1,2020-W46,in_sample
2020-11-11,NK2251!,long,W,1,2020-W46,in_sample
2020-11-11,NK2251!,long,W,1,2020-W46,in_sample
2020-11-11,XAUUSD,short,W,1,2020-W46,in_sample
2020-11-11,XAUUSD,short,L,-1,2020-W46,in_sample
2020-11-13,ES1!,long,W,1,2020-W46,in_sample
2020-11-13,ES1!,long,W,1,2020-W46,in_sample
2020-11-13,NK2251!,long,W,1,2020-W46,in_sample
2020-11-13,Z1!,long,W,1,2020-W46,in_sample
2020-11-15,NK2251!,long,W,1,2020-W46,in_sample
2020-11-18,ES1!,long,L,-1,2020-W47,in_sample
2020-11-18,FDAX1!,long,L,-1,2020-W47,in_sample
2020-11-18,FDAX1!,long,L,-1,2020-W47,in_sample
2020-11-18,Z1!,long,L,-1,2020-W47,in_sample
2020-11-19,EURUSD,short,L,-1,2020-W47,in_sample
2020-11-20,ES1!,short,L,-1,2020-W47,in_sample
2020-11-20,FDAX1!,long,W,1,2020-W47,in_sample
2020-11-20,NK2251!,long,W,1,2020-W47,in_sample
2020-11-20,NQ1!,long,L,-1,2020-W47,in_sample
2020-11-20,Z1!,long,W,1,2020-W47,in_sample
2020-11-23,FDAX1!,long,W,1,2020-W48,in_sample
2020-11-23,XAUUSD,short,W,1,2020-W48,in_sample
2020-11-24,ES1!,short,L,-1,2020-W48,in_sample
2020-11-24,NQ1!,long,W,1,2020-W48,in_sample
2020-11-24,NQ1!,long,W,1,2020-W48,in_sample
2020-11-24,Z1!,long,W,1,2020-W48,in_sample
2020-11-24,Z1!,long,W,1,2020-W48,in_sample
2020-11-25,FDAX1!,long,W,1,2020-W48,in_sample
2020-11-26,FDAX1!,long,L,-1,2020-W48,in_sample
2020-11-26,FDAX1!,long,L,-1,2020-W48,in_sample
2020-11-26,XAUUSD,short,W,1,2020-W48,in_sample
2020-11-27,ES1!,long,L,-1,2020-W48,in_sample
2020-11-27,FDAX1!,long,BE,0,2020-W48,in_sample
2020-11-27,XAUUSD,short,W,1,2020-W48,in_sample
2020-11-27,XAUUSD,short,W,1,2020-W48,in_sample
2020-12-01,NK2251!,long,BE,0,2020-W49,in_sample
2020-12-02,XAUUSD,short,L,-1,2020-W49,in_sample
2020-12-03,ES1!,long,BE,0,2020-W49,in_sample
2020-12-03,FDAX1!,long,L,-1,2020-W49,in_sample
2020-12-03,NK2251!,long,L,-1,2020-W49,in_sample
2020-12-04,NQ1!,long,BE,0,2020-W49,in_sample
2020-12-07,FDAX1!,short,BE,0,2020-W50,in_sample
2020-12-08,EURUSD,short,L,-1,2020-W50,in_sample
2020-12-08,FDAX1!,short,L,-1,2020-W50,in_sample
2020-12-10,XAUUSD,long,L,-1,2020-W50,in_sample
2020-12-11,EURUSD,short,L,-1,2020-W50,in_sample
2020-12-11,NK2251!,short,W,1,2020-W50,in_sample
2020-12-11,NK2251!,short,L,-1,2020-W50,in_sample
2020-12-11,NK2251!,short,L,-1,2020-W50,in_sample
2020-12-14,NQ1!,long,BE,0,2020-W51,in_sample
2020-12-21,XAUUSD,long,W,1,2020-W52,in_sample
2020-12-22,EURUSD,short,W,1,2020-W52,in_sample
2020-12-23,NQ1!,short,L,-1,2020-W52,in_sample
2020-12-24,NK2251!,short,W,1,2020-W52,in_sample
2020-12-24,NK2251!,short,L,-1,2020-W52,in_sample
2020-12-29,XAUUSD,long,W,1,2020-W53,in_sample
2020-12-30,NK2251!,long,L,-1,2020-W53,in_sample
2020-12-30,NQ1!,long,L,-1,2020-W53,in_sample
2020-12-30,XAUUSD,long,W,1,2020-W53,in_sample
2020-12-31,XAUUSD,long,BE,0,2020-W53,in_sample
2021-01-04,EURUSD,long,W,1,2021-W01,in_sample
2021-01-04,EURUSD,long,L,-1,2021-W01,in_sample
2021-01-05,EURUSD,long,L,-1,2021-W01,in_sample
2021-01-05,EURUSD,long,BE,0,2021-W01,in_sample
2021-01-06,EURUSD,long,BE,0,2021-W01,in_sample
2021-01-06,Z1!,long,BE,0,2021-W01,in_sample
2021-01-08,EURUSD,short,BE,0,2021-W01,in_sample
2021-01-08,Z1!,long,L,-1,2021-W01,in_sample
2021-01-12,ES1!,long,L,-1,2021-W02,in_sample
2021-01-12,NQ1!,long,L,-1,2021-W02,in_sample
2021-01-13,ES1!,short,L,-1,2021-W02,in_sample
2021-01-13,FDAX1!,long,L,-1,2021-W02,in_sample
2021-01-13,FDAX1!,long,L,-1,2021-W02,in_sample
2021-01-13,NK2251!,long,BE,0,2021-W02,in_sample
2021-01-13,XAUUSD,short,W,1,2021-W02,in_sample
2021-01-14,EURUSD,short,W,1,2021-W02,in_sample
2021-01-14,EURUSD,short,BE,0,2021-W02,in_sample
2021-01-14,FDAX1!,long,L,-1,2021-W02,in_sample
2021-01-14,XAUUSD,short,W,1,2021-W02,in_sample
2021-01-14,Z1!,long,L,-1,2021-W02,in_sample
2021-01-15,XAUUSD,short,W,1,2021-W02,in_sample
2021-01-15,XAUUSD,short,BE,0,2021-W02,in_sample
2021-01-18,FDAX1!,long,W,1,2021-W03,in_sample
2021-01-18,NK2251!,long,W,1,2021-W03,in_sample
2021-01-19,ES1!,short,W,1,2021-W03,in_sample
2021-01-19,NK2251!,long,L,-1,2021-W03,in_sample
2021-01-19,Z1!,short,W,1,2021-W03,in_sample
2021-01-20,FDAX1!,long,W,1,2021-W03,in_sample
2021-01-20,FDAX1!,long,L,-1,2021-W03,in_sample
2021-01-20,NK2251!,long,L,-1,2021-W03,in_sample
2021-01-20,Z1!,short,W,1,2021-W03,in_sample
2021-01-20,Z1!,short,L,-1,2021-W03,in_sample
2021-01-21,FDAX1!,long,W,1,2021-W03,in_sample
2021-01-21,Z1!,short,W,1,2021-W03,in_sample
2021-01-22,EURUSD,short,L,-1,2021-W03,in_sample
2021-01-24,XAUUSD,long,L,-1,2021-W03,in_sample
2021-01-25,ES1!,long,L,-1,2021-W04,in_sample
2021-01-25,FDAX1!,long,L,-1,2021-W04,in_sample
2021-01-25,FDAX1!,long,W,1,2021-W04,in_sample
2021-01-25,XAUUSD,long,L,-1,2021-W04,in_sample
2021-01-26,NQ1!,long,W,1,2021-W04,in_sample
2021-01-26,NQ1!,long,W,1,2021-W04,in_sample
2021-01-26,XAUUSD,long,L,-1,2021-W04,in_sample
2021-01-27,Z1!,short,W,1,2021-W04,in_sample
2021-01-28,EURUSD,long,L,-1,2021-W04,in_sample
2021-01-28,EURUSD,long,W,1,2021-W04,in_sample
2021-01-29,EURUSD,long,L,-1,2021-W04,in_sample
2021-01-29,NQ1!,short,L,-1,2021-W04,in_sample
2021-01-29,NQ1!,short,BE,0,2021-W04,in_sample
2021-02-04,ES1!,long,W,1,2021-W05,in_sample
2021-02-04,ES1!,long,BE,0,2021-W05,in_sample
2021-02-04,NQ1!,long,L,-1,2021-W05,in_sample
2021-02-04,Z1!,short,L,-1,2021-W05,in_sample
2021-02-05,Z1!,short,L,-1,2021-W05,in_sample
2021-02-09,Z1!,short,L,-1,2021-W06,in_sample
2021-02-10,XAUUSD,long,BE,0,2021-W06,in_sample
2021-02-10,XAUUSD,long,BE,0,2021-W06,in_sample
2021-02-11,XAUUSD,long,L,-1,2021-W06,in_sample
2021-02-12,ES1!,short,W,1,2021-W06,in_sample
2021-02-12,NQ1!,short,L,-1,2021-W06,in_sample
2021-02-16,EURUSD,long,BE,0,2021-W07,in_sample
2021-02-16,EURUSD,long,BE,0,2021-W07,in_sample
2021-02-19,NQ1!,short,W,1,2021-W07,in_sample
2021-02-22,EURUSD,short,L,-1,2021-W08,in_sample
2021-02-22,EURUSD,short,W,1,2021-W08,in_sample
2021-02-22,NQ1!,short,W,1,2021-W08,in_sample
2021-02-23,NK2251!,short,W,1,2021-W08,in_sample
2021-02-24,Z1!,long,W,1,2021-W08,in_sample
2021-02-25,Z1!,long,W,1,2021-W08,in_sample
2021-02-25,Z1!,long,L,-1,2021-W08,in_sample
2021-03-02,NQ1!,short,W,1,2021-W09,in_sample
2021-03-03,NK2251!,short,W,1,2021-W09,in_sample
2021-03-03,NQ1!,short,W,1,2021-W09,in_sample
2021-03-03,XAUUSD,short,W,1,2021-W09,in_sample
2021-03-08,FDAX1!,long,W,1,2021-W10,in_sample
2021-03-09,NK2251!,long,W,1,2021-W10,in_sample
2021-03-09,NK2251!,long,L,-1,2021-W10,in_sample
2021-03-09,Z1!,long,W,1,2021-W10,in_sample
2021-03-10,Z1!,long,W,1,2021-W10,in_sample
2021-03-11,NK2251!,long,W,1,2021-W10,in_sample
2021-03-11,NK2251!,long,L,-1,2021-W10,in_sample
2021-03-12,Z1!,long,BE,0,2021-W10,in_sample
2021-03-15,ES1!,long,BE,0,2021-W11,in_sample
2021-03-15,NQ1!,long,W,1,2021-W11,in_sample
2021-03-15,NQ1!,long,W,1,2021-W11,in_sample
2021-03-16,EURUSD,short,BE,0,2021-W11,in_sample
2021-03-17,ES1!,long,L,-1,2021-W11,in_sample
2021-03-17,ES1!,long,W,1,2021-W11,in_sample
2021-03-17,NK2251!,long,W,1,2021-W11,in_sample
2021-03-23,EURUSD,short,W,1,2021-W12,in_sample
2021-03-23,XAUUSD,short,L,-1,2021-W12,in_sample
2021-03-23,Z1!,short,L,-1,2021-W12,in_sample
2021-03-24,NQ1!,long,W,1,2021-W12,in_sample
2021-03-24,XAUUSD,short,L,-1,2021-W12,in_sample
2021-03-25,NQ1!,long,L,-1,2021-W12,in_sample
2021-03-25,XAUUSD,short,W,1,2021-W12,in_sample
2021-03-26,XAUUSD,short,L,-1,2021-W12,in_sample
2021-03-26,XAUUSD,short,L,-1,2021-W12,in_sample
2021-03-29,EURUSD,short,BE,0,2021-W13,in_sample
2021-03-29,NK2251!,long,W,1,2021-W13,in_sample
2021-03-30,NQ1!,short,W,1,2021-W13,in_sample
2021-03-31,ES1!,long,W,1,2021-W13,in_sample
2021-03-31,FDAX1!,long,BE,0,2021-W13,in_sample
2021-04-01,EURUSD,short,L,-1,2021-W13,in_sample
2021-04-01,Z1!,long,W,1,2021-W13,in_sample
2021-04-01,Z1!,long,W,1,2021-W13,in_sample
2021-04-07,XAUUSD,short,L,-1,2021-W14,in_sample
2021-04-08,EURUSD,long,W,1,2021-W14,in_sample
2021-04-12,EURUSD,long,W,1,2021-W15,in_sample
2021-04-12,NQ1!,long,L,-1,2021-W15,in_sample
2021-04-13,EURUSD,long,AMBIG,,2021-W15,in_sample
2021-04-13,NQ1!,long,W,1,2021-W15,in_sample
2021-04-13,NQ1!,long,W,1,2021-W15,in_sample
2021-04-14,NK2251!,short,BE,0,2021-W15,in_sample
2021-04-14,NK2251!,short,L,-1,2021-W15,in_sample
2021-04-14,XAUUSD,short,W,1,2021-W15,in_sample
2021-04-15,NQ1!,long,W,1,2021-W15,in_sample
2021-04-16,NQ1!,long,W,1,2021-W15,in_sample
2021-04-18,NK2251!,short,BE,0,2021-W15,in_sample
2021-04-22,ES1!,short,L,-1,2021-W16,in_sample
2021-04-22,EURUSD,long,L,-1,2021-W16,in_sample
2021-04-22,EURUSD,long,L,-1,2021-W16,in_sample
2021-04-23,FDAX1!,long,L,-1,2021-W16,in_sample
2021-04-23,NK2251!,long,W,1,2021-W16,in_sample
2021-04-23,XAUUSD,long,W,1,2021-W16,in_sample
2021-04-23,XAUUSD,long,L,-1,2021-W16,in_sample
2021-04-26,NQ1!,short,L,-1,2021-W17,in_sample
2021-04-26,Z1!,short,L,-1,2021-W17,in_sample
2021-04-27,EURUSD,long,L,-1,2021-W17,in_sample
2021-04-28,ES1!,long,L,-1,2021-W17,in_sample
2021-04-28,ES1!,long,BE,0,2021-W17,in_sample
2021-04-28,FDAX1!,long,W,1,2021-W17,in_sample
2021-04-28,FDAX1!,long,BE,0,2021-W17,in_sample
2021-04-29,FDAX1!,long,L,-1,2021-W17,in_sample
2021-04-29,NQ1!,long,BE,0,2021-W17,in_sample
2021-05-03,ES1!,long,L,-1,2021-W18,in_sample
2021-05-03,FDAX1!,short,L,-1,2021-W18,in_sample
2021-05-03,NQ1!,short,W,1,2021-W18,in_sample
2021-05-04,FDAX1!,short,L,-1,2021-W18,in_sample
2021-05-04,FDAX1!,short,W,1,2021-W18,in_sample
2021-05-05,ES1!,short,W,1,2021-W18,in_sample
2021-05-05,XAUUSD,long,W,1,2021-W18,in_sample
2021-05-10,EURUSD,long,BE,0,2021-W19,in_sample
2021-05-11,XAUUSD,long,L,-1,2021-W19,in_sample
2021-05-12,FDAX1!,short,W,1,2021-W19,in_sample
2021-05-12,NQ1!,short,W,1,2021-W19,in_sample
2021-05-20,EURUSD,long,W,1,2021-W20,in_sample
2021-05-20,NQ1!,long,L,-1,2021-W20,in_sample
2021-05-20,NQ1!,long,L,-1,2021-W20,in_sample
2021-05-24,EURUSD,long,W,1,2021-W21,in_sample
2021-05-24,Z1!,long,W,1,2021-W21,in_sample
2021-05-25,EURUSD,long,BE,0,2021-W21,in_sample
2021-05-25,XAUUSD,long,W,1,2021-W21,in_sample
2021-05-25,XAUUSD,long,W,1,2021-W21,in_sample
2021-05-26,ES1!,long,L,-1,2021-W21,in_sample
2021-05-26,EURUSD,long,L,-1,2021-W21,in_sample
2021-05-26,NQ1!,long,L,-1,2021-W21,in_sample
2021-05-27,ES1!,long,BE,0,2021-W21,in_sample
2021-05-28,FDAX1!,short,W,1,2021-W21,in_sample
2021-05-28,NQ1!,long,BE,0,2021-W21,in_sample
2021-05-31,NK2251!,long,L,-1,2021-W22,in_sample
2021-06-02,XAUUSD,long,L,-1,2021-W22,in_sample
2021-06-03,NQ1!,short,W,1,2021-W22,in_sample
2021-06-03,NQ1!,short,W,1,2021-W22,in_sample
2021-06-04,NK2251!,long,W,1,2021-W22,in_sample
2021-06-04,Z1!,long,W,1,2021-W22,in_sample
2021-06-07,EURUSD,long,L,-1,2021-W23,in_sample
2021-06-08,EURUSD,long,W,1,2021-W23,in_sample
2021-06-08,Z1!,long,L,-1,2021-W23,in_sample
2021-06-08,Z1!,long,L,-1,2021-W23,in_sample
2021-06-09,EURUSD,long,W,1,2021-W23,in_sample
2021-06-09,EURUSD,long,L,-1,2021-W23,in_sample
2021-06-09,NK2251!,long,W,1,2021-W23,in_sample
2021-06-10,FDAX1!,long,L,-1,2021-W23,in_sample
2021-06-10,FDAX1!,long,W,1,2021-W23,in_sample
2021-06-10,NK2251!,long,L,-1,2021-W23,in_sample
2021-06-10,NQ1!,short,W,1,2021-W23,in_sample
2021-06-10,XAUUSD,short,BE,0,2021-W23,in_sample
2021-06-10,Z1!,long,L,-1,2021-W23,in_sample
2021-06-11,EURUSD,long,W,1,2021-W23,in_sample
2021-06-11,FDAX1!,long,L,-1,2021-W23,in_sample
2021-06-11,Z1!,long,BE,0,2021-W23,in_sample
2021-06-13,NK2251!,long,BE,0,2021-W23,in_sample
2021-06-14,NK2251!,long,W,1,2021-W24,in_sample
2021-06-15,XAUUSD,short,AMBIG,,2021-W24,in_sample
2021-06-15,XAUUSD,short,L,-1,2021-W24,in_sample
2021-06-16,FDAX1!,short,W,1,2021-W24,in_sample
2021-06-16,FDAX1!,short,L,-1,2021-W24,in_sample
2021-06-16,NQ1!,long,L,-1,2021-W24,in_sample
2021-06-16,NQ1!,long,W,1,2021-W24,in_sample
2021-06-16,XAUUSD,short,W,1,2021-W24,in_sample
2021-06-16,Z1!,long,BE,0,2021-W24,in_sample
2021-06-22,NQ1!,long,W,1,2021-W25,in_sample
2021-06-24,ES1!,long,W,1,2021-W25,in_sample
2021-06-27,NK2251!,short,AMBIG,,2021-W25,in_sample
2021-06-28,NK2251!,short,W,1,2021-W26,in_sample
2021-06-30,ES1!,long,BE,0,2021-W26,in_sample
2021-06-30,NK2251!,short,W,1,2021-W26,in_sample
2021-06-30,NK2251!,short,W,1,2021-W26,in_sample
2021-06-30,Z1!,short,L,-1,2021-W26,in_sample
2021-06-30,Z1!,short,L,-1,2021-W26,in_sample
2021-07-01,NK2251!,short,L,-1,2021-W26,in_sample
2021-07-02,XAUUSD,long,W,1,2021-W26,in_sample
2021-07-05,NK2251!,short,W,1,2021-W27,in_sample
2021-07-05,NK2251!,short,W,1,2021-W27,in_sample
2021-07-05,Z1!,long,L,-1,2021-W27,in_sample
2021-07-06,FDAX1!,short,L,-1,2021-W27,in_sample
2021-07-06,FDAX1!,short,L,-1,2021-W27,in_sample
2021-07-09,XAUUSD,long,L,-1,2021-W27,in_sample
2021-07-12,NQ1!,short,L,-1,2021-W28,in_sample
2021-07-13,NK2251!,short,W,1,2021-W28,in_sample
2021-07-13,NK2251!,short,L,-1,2021-W28,in_sample
2021-07-13,NQ1!,long,W,1,2021-W28,in_sample
2021-07-14,NK2251!,short,W,1,2021-W28,in_sample
2021-07-14,Z1!,long,L,-1,2021-W28,in_sample
2021-07-16,EURUSD,short,L,-1,2021-W28,in_sample
2021-07-16,EURUSD,short,L,-1,2021-W28,in_sample
2021-07-16,NK2251!,short,W,1,2021-W28,in_sample
2021-07-16,NK2251!,short,W,1,2021-W28,in_sample
2021-07-19,EURUSD,short,W,1,2021-W29,in_sample
2021-07-19,EURUSD,short,W,1,2021-W29,in_sample
2021-07-19,NK2251!,short,W,1,2021-W29,in_sample
2021-07-20,EURUSD,short,L,-1,2021-W29,in_sample
2021-07-21,ES1!,short,L,-1,2021-W29,in_sample
2021-07-21,NQ1!,short,L,-1,2021-W29,in_sample
2021-07-21,XAUUSD,short,W,1,2021-W29,in_sample
2021-07-21,XAUUSD,short,W,1,2021-W29,in_sample
2021-07-27,FDAX1!,short,W,1,2021-W30,in_sample
2021-07-27,FDAX1!,short,W,1,2021-W30,in_sample
2021-07-27,Z1!,short,W,1,2021-W30,in_sample
2021-07-27,Z1!,short,L,-1,2021-W30,in_sample
2021-07-28,XAUUSD,long,L,-1,2021-W30,in_sample
2021-07-29,NK2251!,short,W,1,2021-W30,in_sample
2021-07-30,EURUSD,long,W,1,2021-W30,in_sample
2021-08-01,ES1!,long,L,-1,2021-W30,in_sample
2021-08-02,EURUSD,long,W,1,2021-W31,in_sample
2021-08-02,Z1!,long,W,1,2021-W31,in_sample
2021-08-03,EURUSD,long,L,-1,2021-W31,in_sample
2021-08-03,NK2251!,short,L,-1,2021-W31,in_sample
2021-08-03,NK2251!,short,L,-1,2021-W31,in_sample
2021-08-03,NQ1!,short,AMBIG,,2021-W31,in_sample
2021-08-04,XAUUSD,long,L,-1,2021-W31,in_sample
2021-08-05,XAUUSD,long,L,-1,2021-W31,in_sample
2021-08-05,Z1!,long,L,-1,2021-W31,in_sample
2021-08-06,Z1!,long,BE,0,2021-W31,in_sample
2021-08-10,ES1!,long,BE,0,2021-W32,in_sample
2021-08-10,NQ1!,long,L,-1,2021-W32,in_sample
2021-08-11,FDAX1!,long,BE,0,2021-W32,in_sample
2021-08-12,XAUUSD,long,W,1,2021-W32,in_sample
2021-08-13,EURUSD,long,W,1,2021-W32,in_sample
2021-08-13,NK2251!,long,L,-1,2021-W32,in_sample
2021-08-13,Z1!,long,BE,0,2021-W32,in_sample
2021-08-16,FDAX1!,long,L,-1,2021-W33,in_sample
2021-08-18,FDAX1!,long,L,-1,2021-W33,in_sample
2021-08-18,NK2251!,short,W,1,2021-W33,in_sample
2021-08-18,Z1!,short,W,1,2021-W33,in_sample
2021-08-20,Z1!,short,L,-1,2021-W33,in_sample
2021-08-23,FDAX1!,short,L,-1,2021-W34,in_sample
2021-08-23,XAUUSD,long,W,1,2021-W34,in_sample
2021-08-23,XAUUSD,long,W,1,2021-W34,in_sample
2021-08-24,Z1!,short,L,-1,2021-W34,in_sample
2021-08-26,NK2251!,short,L,-1,2021-W34,in_sample
2021-08-26,NK2251!,short,W,1,2021-W34,in_sample
2021-08-27,XAUUSD,long,BE,0,2021-W34,in_sample
2021-08-27,Z1!,long,L,-1,2021-W34,in_sample
2021-09-01,FDAX1!,long,W,1,2021-W35,in_sample
2021-09-01,NQ1!,long,W,1,2021-W35,in_sample
2021-09-01,XAUUSD,long,L,-1,2021-W35,in_sample
2021-09-02,ES1!,long,BE,0,2021-W35,in_sample
2021-09-02,EURUSD,long,BE,0,2021-W35,in_sample
2021-09-02,NQ1!,long,W,1,2021-W35,in_sample
2021-09-02,XAUUSD,long,L,-1,2021-W35,in_sample
2021-09-03,NQ1!,long,AMBIG,,2021-W35,in_sample
2021-09-03,Z1!,long,BE,0,2021-W35,in_sample
2021-09-06,ES1!,long,L,-1,2021-W36,in_sample
2021-09-07,FDAX1!,short,W,1,2021-W36,in_sample
2021-09-07,FDAX1!,short,W,1,2021-W36,in_sample
2021-09-10,ES1!,short,BE,0,2021-W36,in_sample
2021-09-10,NQ1!,short,W,1,2021-W36,in_sample
2021-09-14,FDAX1!,short,L,-1,2021-W37,in_sample
2021-09-14,XAUUSD,short,W,1,2021-W37,in_sample
2021-09-14,Z1!,long,L,-1,2021-W37,in_sample
2021-09-15,EURUSD,short,L,-1,2021-W37,in_sample
2021-09-16,ES1!,short,W,1,2021-W37,in_sample
2021-09-16,EURUSD,short,W,1,2021-W37,in_sample
2021-09-16,EURUSD,short,W,1,2021-W37,in_sample
2021-09-20,XAUUSD,short,W,1,2021-W38,in_sample
2021-09-21,XAUUSD,short,L,-1,2021-W38,in_sample
2021-09-23,ES1!,short,L,-1,2021-W38,in_sample
2021-09-24,EURUSD,short,W,1,2021-W38,in_sample
2021-09-27,EURUSD,short,W,1,2021-W39,in_sample
2021-09-27,EURUSD,short,W,1,2021-W39,in_sample
2021-09-27,NK2251!,short,W,1,2021-W39,in_sample
2021-09-28,ES1!,short,W,1,2021-W39,in_sample
2021-09-28,ES1!,short,W,1,2021-W39,in_sample
2021-09-28,EURUSD,short,BE,0,2021-W39,in_sample
2021-09-28,EURUSD,short,BE,0,2021-W39,in_sample
2021-09-28,FDAX1!,short,L,-1,2021-W39,in_sample
2021-09-28,FDAX1!,short,W,1,2021-W39,in_sample
2021-09-28,FDAX1!,short,W,1,2021-W39,in_sample
2021-09-28,NK2251!,short,W,1,2021-W39,in_sample
2021-09-28,NQ1!,short,W,1,2021-W39,in_sample
2021-09-28,NQ1!,short,W,1,2021-W39,in_sample
2021-09-28,NQ1!,short,W,1,2021-W39,in_sample
2021-09-28,XAUUSD,short,W,1,2021-W39,in_sample
2021-09-29,NK2251!,short,BE,0,2021-W39,in_sample
2021-09-30,ES1!,short,W,1,2021-W39,in_sample
2021-09-30,FDAX1!,short,BE,0,2021-W39,in_sample
2021-10-01,FDAX1!,short,W,1,2021-W39,in_sample
2021-10-04,ES1!,short,W,1,2021-W40,in_sample
2021-10-04,ES1!,short,W,1,2021-W40,in_sample
2021-10-04,FDAX1!,short,W,1,2021-W40,in_sample
2021-10-04,FDAX1!,short,L,-1,2021-W40,in_sample
2021-10-04,Z1!,short,W,1,2021-W40,in_sample
2021-10-04,Z1!,short,L,-1,2021-W40,in_sample
2021-10-05,FDAX1!,short,L,-1,2021-W40,in_sample
2021-10-06,ES1!,short,W,1,2021-W40,in_sample
2021-10-06,FDAX1!,short,BE,0,2021-W40,in_sample
2021-10-06,FDAX1!,short,W,1,2021-W40,in_sample
2021-10-06,Z1!,short,BE,0,2021-W40,in_sample
2021-10-07,EURUSD,short,L,-1,2021-W40,in_sample
2021-10-07,XAUUSD,short,L,-1,2021-W40,in_sample
2021-10-08,EURUSD,short,L,-1,2021-W40,in_sample
2021-10-11,ES1!,long,L,-1,2021-W41,in_sample
2021-10-11,FDAX1!,short,W,1,2021-W41,in_sample
2021-10-12,FDAX1!,short,L,-1,2021-W41,in_sample
2021-10-13,ES1!,long,L,-1,2021-W41,in_sample
2021-10-13,FDAX1!,short,L,-1,2021-W41,in_sample
2021-10-13,NK2251!,long,W,1,2021-W41,in_sample
2021-10-13,NQ1!,long,W,1,2021-W41,in_sample
2021-10-13,NQ1!,long,W,1,2021-W41,in_sample
2021-10-14,ES1!,long,W,1,2021-W41,in_sample
2021-10-15,EURUSD,long,W,1,2021-W41,in_sample
2021-10-19,XAUUSD,long,W,1,2021-W42,in_sample
2021-10-19,Z1!,long,L,-1,2021-W42,in_sample
2021-10-20,FDAX1!,short,L,-1,2021-W42,in_sample
2021-10-20,NK2251!,long,L,-1,2021-W42,in_sample
2021-10-20,XAUUSD,long,W,1,2021-W42,in_sample
2021-10-21,ES1!,long,W,1,2021-W42,in_sample
2021-10-21,EURUSD,long,L,-1,2021-W42,in_sample
2021-10-22,EURUSD,long,L,-1,2021-W42,in_sample
2021-10-22,XAUUSD,long,W,1,2021-W42,in_sample
2021-10-25,ES1!,long,L,-1,2021-W43,in_sample
2021-10-28,ES1!,long,W,1,2021-W43,in_sample
2021-10-28,Z1!,long,L,-1,2021-W43,in_sample
2021-10-29,ES1!,long,BE,0,2021-W43,in_sample
2021-11-01,Z1!,long,BE,0,2021-W44,in_sample
2021-11-02,ES1!,long,W,1,2021-W44,in_sample
2021-11-02,EURUSD,short,W,1,2021-W44,in_sample
2021-11-02,NQ1!,long,W,1,2021-W44,in_sample
2021-11-03,EURUSD,short,L,-1,2021-W44,in_sample
2021-11-03,EURUSD,short,L,-1,2021-W44,in_sample
2021-11-03,XAUUSD,short,W,1,2021-W44,in_sample
2021-11-12,NQ1!,short,L,-1,2021-W45,in_sample
2021-11-16,NQ1!,long,W,1,2021-W46,in_sample
2021-11-16,NQ1!,long,W,1,2021-W46,in_sample
2021-11-16,Z1!,long,L,-1,2021-W46,in_sample
2021-11-16,Z1!,long,L,-1,2021-W46,in_sample
2021-11-18,ES1!,long,W,1,2021-W46,in_sample
2021-11-19,EURUSD,short,W,1,2021-W46,in_sample
2021-11-19,XAUUSD,short,L,-1,2021-W46,in_sample
2021-11-19,XAUUSD,short,L,-1,2021-W46,in_sample
2021-11-24,EURUSD,short,BE,0,2021-W47,in_sample
2021-11-24,EURUSD,short,BE,0,2021-W47,in_sample
2021-11-24,FDAX1!,short,W,1,2021-W47,in_sample
2021-11-30,ES1!,short,BE,0,2021-W48,in_sample
2021-11-30,XAUUSD,long,W,1,2021-W48,in_sample
2021-11-30,XAUUSD,long,L,-1,2021-W48,in_sample
2021-12-01,NQ1!,long,L,-1,2021-W48,in_sample
2021-12-02,EURUSD,short,L,-1,2021-W48,in_sample
2021-12-02,EURUSD,short,W,1,2021-W48,in_sample
2021-12-02,EURUSD,short,W,1,2021-W48,in_sample
2021-12-02,Z1!,long,W,1,2021-W48,in_sample
2021-12-03,EURUSD,short,W,1,2021-W48,in_sample
2021-12-03,EURUSD,short,L,-1,2021-W48,in_sample
2021-12-03,EURUSD,short,W,1,2021-W48,in_sample
2021-12-03,FDAX1!,long,L,-1,2021-W48,in_sample
2021-12-03,FDAX1!,long,L,-1,2021-W48,in_sample
2021-12-06,Z1!,long,BE,0,2021-W49,in_sample
2021-12-07,EURUSD,short,W,1,2021-W49,in_sample
2021-12-07,XAUUSD,short,L,-1,2021-W49,in_sample
2021-12-10,EURUSD,short,L,-1,2021-W49,in_sample
2021-12-13,NQ1!,long,L,-1,2021-W50,in_sample
2021-12-14,FDAX1!,long,L,-1,2021-W50,in_sample
2021-12-14,FDAX1!,long,L,-1,2021-W50,in_sample
2021-12-15,EURUSD,short,W,1,2021-W50,in_sample
2021-12-17,FDAX1!,short,W,1,2021-W50,in_sample
2021-12-19,NQ1!,short,W,1,2021-W50,in_sample
2021-12-22,ES1!,short,L,-1,2021-W51,in_sample
2021-12-22,FDAX1!,short,W,1,2021-W51,in_sample
2021-12-27,EURUSD,short,L,-1,2021-W52,in_sample
2021-12-28,EURUSD,short,L,-1,2021-W52,in_sample
2021-12-28,EURUSD,short,L,-1,2021-W52,in_sample
2021-12-28,EURUSD,short,L,-1,2021-W52,in_sample
2021-12-29,ES1!,long,L,-1,2021-W52,in_sample
2021-12-29,EURUSD,short,W,1,2021-W52,in_sample
2021-12-30,FDAX1!,long,W,1,2021-W52,in_sample
2021-12-30,NK2251!,short,W,1,2021-W52,in_sample
2021-12-30,NQ1!,long,W,1,2021-W52,in_sample
2021-12-30,XAUUSD,long,W,1,2021-W52,in_sample
2021-12-30,Z1!,long,L,-1,2021-W52,in_sample
2021-12-31,EURUSD,long,W,1,2021-W52,in_sample
2021-12-31,Z1!,long,L,-1,2021-W52,in_sample
2022-01-05,XAUUSD,long,L,-1,2022-W01,OOS_RESERVED
2022-01-05,XAUUSD,long,W,1,2022-W01,OOS_RESERVED
2022-01-06,EURUSD,short,L,-1,2022-W01,OOS_RESERVED
2022-01-06,NQ1!,long,L,-1,2022-W01,OOS_RESERVED
2022-01-07,Z1!,long,L,-1,2022-W01,OOS_RESERVED
2022-01-10,Z1!,long,L,-1,2022-W02,OOS_RESERVED
2022-01-11,EURUSD,long,W,1,2022-W02,OOS_RESERVED
2022-01-11,Z1!,long,W,1,2022-W02,OOS_RESERVED
2022-01-11,Z1!,long,BE,0,2022-W02,OOS_RESERVED
2022-01-12,NK2251!,short,W,1,2022-W02,OOS_RESERVED
2022-01-13,NK2251!,short,W,1,2022-W02,OOS_RESERVED
2022-01-14,NQ1!,long,L,-1,2022-W02,OOS_RESERVED
2022-01-14,Z1!,long,W,1,2022-W02,OOS_RESERVED
2022-01-14,Z1!,long,W,1,2022-W02,OOS_RESERVED
2022-01-17,Z1!,long,W,1,2022-W03,OOS_RESERVED
2022-01-18,FDAX1!,short,W,1,2022-W03,OOS_RESERVED
2022-01-18,NK2251!,short,L,-1,2022-W03,OOS_RESERVED
2022-01-25,Z1!,short,W,1,2022-W04,OOS_RESERVED
2022-01-28,FDAX1!,long,W,1,2022-W04,OOS_RESERVED
2022-01-28,NQ1!,short,L,-1,2022-W04,OOS_RESERVED
2022-01-28,Z1!,long,W,1,2022-W04,OOS_RESERVED
2022-01-30,EURUSD,short,L,-1,2022-W04,OOS_RESERVED
2022-02-01,Z1!,long,BE,0,2022-W05,OOS_RESERVED
2022-02-01,Z1!,long,W,1,2022-W05,OOS_RESERVED
2022-02-02,Z1!,long,BE,0,2022-W05,OOS_RESERVED
2022-02-03,EURUSD,short,W,1,2022-W05,OOS_RESERVED
2022-02-03,NK2251!,long,L,-1,2022-W05,OOS_RESERVED
2022-02-07,EURUSD,long,L,-1,2022-W06,OOS_RESERVED
2022-02-08,FDAX1!,long,W,1,2022-W06,OOS_RESERVED
2022-02-08,NQ1!,short,W,1,2022-W06,OOS_RESERVED
2022-02-08,Z1!,long,AMBIG,,2022-W06,OOS_RESERVED
2022-02-17,FDAX1!,short,W,1,2022-W07,OOS_RESERVED
2022-02-17,NQ1!,short,W,1,2022-W07,OOS_RESERVED
2022-02-17,Z1!,short,W,1,2022-W07,OOS_RESERVED
2022-02-17,Z1!,short,W,1,2022-W07,OOS_RESERVED
2022-02-18,NQ1!,short,W,1,2022-W07,OOS_RESERVED
2022-02-18,NQ1!,short,W,1,2022-W07,OOS_RESERVED
2022-02-21,FDAX1!,short,L,-1,2022-W08,OOS_RESERVED
2022-02-21,FDAX1!,short,W,1,2022-W08,OOS_RESERVED
2022-02-21,Z1!,short,BE,0,2022-W08,OOS_RESERVED
2022-02-23,ES1!,short,W,1,2022-W08,OOS_RESERVED
2022-02-23,EURUSD,short,L,-1,2022-W08,OOS_RESERVED
2022-02-23,NQ1!,short,W,1,2022-W08,OOS_RESERVED
2022-02-23,XAUUSD,long,W,1,2022-W08,OOS_RESERVED
2022-02-24,EURUSD,short,BE,0,2022-W08,OOS_RESERVED
2022-02-25,FDAX1!,short,W,1,2022-W08,OOS_RESERVED
2022-03-01,EURUSD,short,W,1,2022-W09,OOS_RESERVED
2022-03-01,EURUSD,short,BE,0,2022-W09,OOS_RESERVED
2022-03-01,FDAX1!,short,W,1,2022-W09,OOS_RESERVED
2022-03-01,FDAX1!,short,BE,0,2022-W09,OOS_RESERVED
2022-03-01,NQ1!,long,BE,0,2022-W09,OOS_RESERVED
2022-03-02,ES1!,long,W,1,2022-W09,OOS_RESERVED
2022-03-02,Z1!,short,W,1,2022-W09,OOS_RESERVED
2022-03-03,FDAX1!,short,W,1,2022-W09,OOS_RESERVED
2022-03-03,NK2251!,long,L,-1,2022-W09,OOS_RESERVED
2022-03-03,NQ1!,short,L,-1,2022-W09,OOS_RESERVED
2022-03-03,XAUUSD,long,W,1,2022-W09,OOS_RESERVED
2022-03-03,XAUUSD,long,BE,0,2022-W09,OOS_RESERVED
2022-03-09,NK2251!,short,L,-1,2022-W10,OOS_RESERVED
2022-03-10,EURUSD,short,L,-1,2022-W10,OOS_RESERVED
2022-03-10,NQ1!,short,W,1,2022-W10,OOS_RESERVED
2022-03-11,NQ1!,short,W,1,2022-W10,OOS_RESERVED
2022-03-14,NQ1!,short,W,1,2022-W11,OOS_RESERVED
2022-03-16,NK2251!,long,W,1,2022-W11,OOS_RESERVED
2022-03-16,Z1!,long,W,1,2022-W11,OOS_RESERVED
2022-03-18,NQ1!,long,W,1,2022-W11,OOS_RESERVED
2022-03-18,XAUUSD,long,L,-1,2022-W11,OOS_RESERVED
2022-03-21,XAUUSD,long,W,1,2022-W12,OOS_RESERVED
2022-03-22,ES1!,long,W,1,2022-W12,OOS_RESERVED
2022-03-22,FDAX1!,long,BE,0,2022-W12,OOS_RESERVED
2022-03-24,ES1!,long,W,1,2022-W12,OOS_RESERVED
2022-03-25,EURUSD,long,L,-1,2022-W12,OOS_RESERVED
2022-03-25,FDAX1!,long,L,-1,2022-W12,OOS_RESERVED
2022-03-25,FDAX1!,long,L,-1,2022-W12,OOS_RESERVED
2022-03-28,EURUSD,long,W,1,2022-W13,OOS_RESERVED
2022-03-28,FDAX1!,long,W,1,2022-W13,OOS_RESERVED
2022-03-28,NK2251!,long,W,1,2022-W13,OOS_RESERVED
2022-03-28,NQ1!,long,W,1,2022-W13,OOS_RESERVED
2022-03-29,EURUSD,long,W,1,2022-W13,OOS_RESERVED
2022-03-29,NK2251!,long,W,1,2022-W13,OOS_RESERVED
2022-03-30,EURUSD,long,W,1,2022-W13,OOS_RESERVED
2022-03-30,EURUSD,long,W,1,2022-W13,OOS_RESERVED
2022-03-30,EURUSD,long,BE,0,2022-W13,OOS_RESERVED
2022-03-31,FDAX1!,long,W,1,2022-W13,OOS_RESERVED
2022-03-31,NQ1!,long,L,-1,2022-W13,OOS_RESERVED
2022-04-01,FDAX1!,long,L,-1,2022-W13,OOS_RESERVED
2022-04-01,XAUUSD,short,W,1,2022-W13,OOS_RESERVED
2022-04-01,XAUUSD,short,L,-1,2022-W13,OOS_RESERVED
2022-04-01,Z1!,long,L,-1,2022-W13,OOS_RESERVED
2022-04-01,Z1!,long,L,-1,2022-W13,OOS_RESERVED
2022-04-04,XAUUSD,short,L,-1,2022-W14,OOS_RESERVED
2022-04-05,FDAX1!,long,L,-1,2022-W14,OOS_RESERVED
2022-04-05,Z1!,long,BE,0,2022-W14,OOS_RESERVED
2022-04-07,EURUSD,short,BE,0,2022-W14,OOS_RESERVED
2022-04-08,FDAX1!,short,L,-1,2022-W14,OOS_RESERVED
2022-04-08,NQ1!,short,W,1,2022-W14,OOS_RESERVED
2022-04-11,FDAX1!,short,L,-1,2022-W15,OOS_RESERVED
2022-04-12,EURUSD,short,L,-1,2022-W15,OOS_RESERVED
2022-04-13,FDAX1!,short,L,-1,2022-W15,OOS_RESERVED
2022-04-14,ES1!,short,L,-1,2022-W15,OOS_RESERVED
2022-04-14,Z1!,long,L,-1,2022-W15,OOS_RESERVED
2022-04-19,ES1!,short,W,1,2022-W16,OOS_RESERVED
2022-04-19,EURUSD,short,L,-1,2022-W16,OOS_RESERVED
2022-04-19,NQ1!,short,W,1,2022-W16,OOS_RESERVED
2022-04-19,XAUUSD,long,L,-1,2022-W16,OOS_RESERVED
2022-04-19,Z1!,long,AMBIG,,2022-W16,OOS_RESERVED
2022-04-20,NK2251!,long,L,-1,2022-W16,OOS_RESERVED
2022-04-20,NK2251!,long,W,1,2022-W16,OOS_RESERVED
2022-04-20,Z1!,long,L,-1,2022-W16,OOS_RESERVED
2022-04-20,Z1!,long,L,-1,2022-W16,OOS_RESERVED
2022-04-26,NK2251!,short,W,1,2022-W17,OOS_RESERVED
2022-04-27,XAUUSD,short,W,1,2022-W17,OOS_RESERVED
2022-04-27,XAUUSD,short,W,1,2022-W17,OOS_RESERVED
2022-04-29,ES1!,short,W,1,2022-W17,OOS_RESERVED
2022-04-29,NQ1!,short,W,1,2022-W17,OOS_RESERVED
2022-05-02,EURUSD,short,L,-1,2022-W18,OOS_RESERVED
2022-05-02,EURUSD,short,L,-1,2022-W18,OOS_RESERVED
2022-05-02,NK2251!,short,L,-1,2022-W18,OOS_RESERVED
2022-05-02,NQ1!,short,BE,0,2022-W18,OOS_RESERVED
2022-05-03,Z1!,long,W,1,2022-W18,OOS_RESERVED
2022-05-04,Z1!,long,BE,0,2022-W18,OOS_RESERVED
2022-05-08,NK2251!,short,W,1,2022-W18,OOS_RESERVED
2022-05-09,NK2251!,short,W,1,2022-W19,OOS_RESERVED
2022-05-10,EURUSD,short,W,1,2022-W19,OOS_RESERVED
2022-05-10,EURUSD,short,L,-1,2022-W19,OOS_RESERVED
2022-05-11,EURUSD,short,L,-1,2022-W19,OOS_RESERVED
2022-05-12,EURUSD,short,W,1,2022-W19,OOS_RESERVED
2022-05-16,NK2251!,long,W,1,2022-W20,OOS_RESERVED
2022-05-17,NK2251!,long,L,-1,2022-W20,OOS_RESERVED
2022-05-18,XAUUSD,short,L,-1,2022-W20,OOS_RESERVED
2022-05-23,Z1!,long,W,1,2022-W21,OOS_RESERVED
2022-05-24,FDAX1!,short,L,-1,2022-W21,OOS_RESERVED
2022-05-24,FDAX1!,short,L,-1,2022-W21,OOS_RESERVED
2022-05-24,NQ1!,short,W,1,2022-W21,OOS_RESERVED
2022-05-24,NQ1!,short,W,1,2022-W21,OOS_RESERVED
2022-05-24,Z1!,long,BE,0,2022-W21,OOS_RESERVED
2022-05-25,FDAX1!,short,L,-1,2022-W21,OOS_RESERVED
2022-05-26,EURUSD,long,W,1,2022-W21,OOS_RESERVED
2022-05-27,XAUUSD,long,W,1,2022-W21,OOS_RESERVED
2022-05-27,XAUUSD,long,W,1,2022-W21,OOS_RESERVED
2022-05-30,XAUUSD,long,L,-1,2022-W22,OOS_RESERVED
2022-06-01,ES1!,long,L,-1,2022-W22,OOS_RESERVED
2022-06-01,NQ1!,long,L,-1,2022-W22,OOS_RESERVED
2022-06-01,Z1!,long,L,-1,2022-W22,OOS_RESERVED
2022-06-02,NK2251!,long,W,1,2022-W22,OOS_RESERVED
2022-06-03,EURUSD,short,W,1,2022-W22,OOS_RESERVED
2022-06-06,EURUSD,short,L,-1,2022-W23,OOS_RESERVED
2022-06-06,EURUSD,short,W,1,2022-W23,OOS_RESERVED
2022-06-06,FDAX1!,long,W,1,2022-W23,OOS_RESERVED
2022-06-06,XAUUSD,long,L,-1,2022-W23,OOS_RESERVED
2022-06-07,EURUSD,short,L,-1,2022-W23,OOS_RESERVED
2022-06-07,NK2251!,long,BE,0,2022-W23,OOS_RESERVED
2022-06-08,EURUSD,short,L,-1,2022-W23,OOS_RESERVED
2022-06-08,XAUUSD,short,L,-1,2022-W23,OOS_RESERVED
2022-06-09,NQ1!,short,L,-1,2022-W23,OOS_RESERVED
2022-06-09,NQ1!,short,W,1,2022-W23,OOS_RESERVED
2022-06-09,NQ1!,short,W,1,2022-W23,OOS_RESERVED
2022-06-14,NK2251!,short,BE,0,2022-W24,OOS_RESERVED
2022-06-16,NQ1!,short,W,1,2022-W24,OOS_RESERVED
2022-06-20,EURUSD,long,W,1,2022-W25,OOS_RESERVED
2022-06-21,EURUSD,long,L,-1,2022-W25,OOS_RESERVED
2022-06-22,EURUSD,long,BE,0,2022-W25,OOS_RESERVED
2022-06-23,ES1!,long,L,-1,2022-W25,OOS_RESERVED
2022-06-23,EURUSD,long,L,-1,2022-W25,OOS_RESERVED
2022-06-23,EURUSD,long,W,1,2022-W25,OOS_RESERVED
2022-06-23,NQ1!,short,L,-1,2022-W25,OOS_RESERVED
2022-06-24,EURUSD,long,W,1,2022-W25,OOS_RESERVED
2022-06-24,NK2251!,long,W,1,2022-W25,OOS_RESERVED
2022-06-26,EURUSD,long,W,1,2022-W25,OOS_RESERVED
2022-06-26,XAUUSD,long,W,1,2022-W25,OOS_RESERVED
2022-06-26,XAUUSD,long,W,1,2022-W25,OOS_RESERVED
2022-06-27,EURUSD,long,W,1,2022-W26,OOS_RESERVED
2022-06-27,EURUSD,long,BE,0,2022-W26,OOS_RESERVED
2022-06-28,ES1!,long,BE,0,2022-W26,OOS_RESERVED
2022-06-28,FDAX1!,short,W,1,2022-W26,OOS_RESERVED
2022-06-28,FDAX1!,short,W,1,2022-W26,OOS_RESERVED
2022-06-28,NQ1!,long,L,-1,2022-W26,OOS_RESERVED
2022-06-28,XAUUSD,long,L,-1,2022-W26,OOS_RESERVED
2022-06-29,FDAX1!,short,W,1,2022-W26,OOS_RESERVED
2022-06-30,XAUUSD,short,W,1,2022-W26,OOS_RESERVED
2022-07-04,FDAX1!,long,W,1,2022-W27,OOS_RESERVED
2022-07-05,XAUUSD,short,W,1,2022-W27,OOS_RESERVED
2022-07-05,Z1!,short,W,1,2022-W27,OOS_RESERVED
2022-07-06,ES1!,long,BE,0,2022-W27,OOS_RESERVED
2022-07-06,ES1!,long,L,-1,2022-W27,OOS_RESERVED
2022-07-07,XAUUSD,short,L,-1,2022-W27,OOS_RESERVED
2022-07-08,XAUUSD,short,W,1,2022-W27,OOS_RESERVED
2022-07-08,XAUUSD,short,BE,0,2022-W27,OOS_RESERVED
2022-07-08,Z1!,short,L,-1,2022-W27,OOS_RESERVED
2022-07-08,Z1!,short,L,-1,2022-W27,OOS_RESERVED
2022-07-13,EURUSD,short,L,-1,2022-W28,OOS_RESERVED
2022-07-13,FDAX1!,short,BE,0,2022-W28,OOS_RESERVED
2022-07-15,XAUUSD,short,AMBIG,,2022-W28,OOS_RESERVED
2022-07-22,Z1!,long,L,-1,2022-W29,OOS_RESERVED
2022-07-25,ES1!,short,BE,0,2022-W30,OOS_RESERVED
2022-07-25,EURUSD,short,L,-1,2022-W30,OOS_RESERVED
2022-07-25,Z1!,long,W,1,2022-W30,OOS_RESERVED
2022-07-25,Z1!,long,BE,0,2022-W30,OOS_RESERVED
2022-07-26,ES1!,short,BE,0,2022-W30,OOS_RESERVED
2022-07-26,FDAX1!,short,BE,0,2022-W30,OOS_RESERVED
2022-07-26,Z1!,long,W,1,2022-W30,OOS_RESERVED
2022-07-27,XAUUSD,long,L,-1,2022-W30,OOS_RESERVED
2022-07-27,Z1!,long,BE,0,2022-W30,OOS_RESERVED
2022-07-28,FDAX1!,short,W,1,2022-W30,OOS_RESERVED
2022-08-01,NK2251!,long,BE,0,2022-W31,OOS_RESERVED
2022-08-01,XAUUSD,long,BE,0,2022-W31,OOS_RESERVED
2022-08-03,FDAX1!,long,W,1,2022-W31,OOS_RESERVED
2022-08-08,ES1!,long,W,1,2022-W32,OOS_RESERVED
2022-08-08,EURUSD,long,W,1,2022-W32,OOS_RESERVED
2022-08-08,XAUUSD,long,W,1,2022-W32,OOS_RESERVED
2022-08-08,XAUUSD,long,W,1,2022-W32,OOS_RESERVED
2022-08-09,EURUSD,long,W,1,2022-W32,OOS_RESERVED
2022-08-10,ES1!,long,W,1,2022-W32,OOS_RESERVED
2022-08-10,EURUSD,long,L,-1,2022-W32,OOS_RESERVED
2022-08-10,EURUSD,long,BE,0,2022-W32,OOS_RESERVED
2022-08-15,EURUSD,long,L,-1,2022-W33,OOS_RESERVED
2022-08-16,Z1!,long,W,1,2022-W33,OOS_RESERVED
2022-08-17,EURUSD,short,L,-1,2022-W33,OOS_RESERVED
2022-08-18,NK2251!,long,L,-1,2022-W33,OOS_RESERVED
2022-08-18,Z1!,long,W,1,2022-W33,OOS_RESERVED
2022-08-23,EURUSD,short,W,1,2022-W34,OOS_RESERVED
2022-08-23,Z1!,long,L,-1,2022-W34,OOS_RESERVED
2022-08-24,XAUUSD,short,L,-1,2022-W34,OOS_RESERVED
2022-08-26,Z1!,short,W,1,2022-W34,OOS_RESERVED
2022-08-31,FDAX1!,short,W,1,2022-W35,OOS_RESERVED
2022-08-31,NK2251!,short,W,1,2022-W35,OOS_RESERVED
2022-08-31,NK2251!,short,W,1,2022-W35,OOS_RESERVED
2022-09-01,FDAX1!,short,BE,0,2022-W35,OOS_RESERVED
2022-09-05,ES1!,long,L,-1,2022-W36,OOS_RESERVED
2022-09-05,ES1!,long,L,-1,2022-W36,OOS_RESERVED
2022-09-05,XAUUSD,long,W,1,2022-W36,OOS_RESERVED
2022-09-06,ES1!,long,L,-1,2022-W36,OOS_RESERVED
2022-09-06,NK2251!,short,W,1,2022-W36,OOS_RESERVED
2022-09-06,NQ1!,short,W,1,2022-W36,OOS_RESERVED
2022-09-06,XAUUSD,long,W,1,2022-W36,OOS_RESERVED
2022-09-07,FDAX1!,short,L,-1,2022-W36,OOS_RESERVED
2022-09-07,Z1!,short,L,-1,2022-W36,OOS_RESERVED
2022-09-08,NQ1!,short,W,1,2022-W36,OOS_RESERVED
2022-09-08,Z1!,short,L,-1,2022-W36,OOS_RESERVED
2022-09-11,EURUSD,long,W,1,2022-W36,OOS_RESERVED
2022-09-14,ES1!,long,L,-1,2022-W37,OOS_RESERVED
2022-09-14,FDAX1!,long,W,1,2022-W37,OOS_RESERVED
2022-09-14,NQ1!,long,W,1,2022-W37,OOS_RESERVED
2022-09-15,NK2251!,short,BE,0,2022-W37,OOS_RESERVED
2022-09-15,Z1!,long,L,-1,2022-W37,OOS_RESERVED
2022-09-19,NQ1!,short,W,1,2022-W38,OOS_RESERVED
2022-09-19,XAUUSD,short,W,1,2022-W38,OOS_RESERVED
2022-09-20,FDAX1!,short,L,-1,2022-W38,OOS_RESERVED
2022-09-20,FDAX1!,short,W,1,2022-W38,OOS_RESERVED
2022-09-20,NQ1!,short,W,1,2022-W38,OOS_RESERVED
2022-09-21,NQ1!,short,W,1,2022-W38,OOS_RESERVED
2022-09-21,NQ1!,short,BE,0,2022-W38,OOS_RESERVED
2022-09-21,XAUUSD,short,BE,0,2022-W38,OOS_RESERVED
2022-09-21,XAUUSD,short,BE,0,2022-W38,OOS_RESERVED
2022-09-27,NK2251!,short,W,1,2022-W39,OOS_RESERVED
2022-09-27,NK2251!,short,BE,0,2022-W39,OOS_RESERVED
2022-09-28,XAUUSD,short,W,1,2022-W39,OOS_RESERVED
2022-09-30,FDAX1!,long,W,1,2022-W39,OOS_RESERVED
2022-09-30,FDAX1!,long,L,-1,2022-W39,OOS_RESERVED
2022-09-30,NK2251!,long,L,-1,2022-W39,OOS_RESERVED
2022-10-11,Z1!,short,BE,0,2022-W41,OOS_RESERVED
2022-10-12,NK2251!,short,L,-1,2022-W41,OOS_RESERVED
2022-10-12,XAUUSD,long,L,-1,2022-W41,OOS_RESERVED
2022-10-13,NK2251!,short,BE,0,2022-W41,OOS_RESERVED
2022-10-13,XAUUSD,long,L,-1,2022-W41,OOS_RESERVED
2022-10-18,XAUUSD,short,W,1,2022-W42,OOS_RESERVED
2022-10-19,XAUUSD,short,BE,0,2022-W42,OOS_RESERVED
2022-10-19,Z1!,long,L,-1,2022-W42,OOS_RESERVED
2022-10-20,Z1!,long,L,-1,2022-W42,OOS_RESERVED
2022-10-24,FDAX1!,long,L,-1,2022-W43,OOS_RESERVED
2022-10-24,NK2251!,long,W,1,2022-W43,OOS_RESERVED
2022-10-25,NK2251!,long,BE,0,2022-W43,OOS_RESERVED
2022-10-25,NQ1!,long,W,1,2022-W43,OOS_RESERVED
2022-10-26,XAUUSD,long,BE,0,2022-W43,OOS_RESERVED
2022-10-28,EURUSD,long,W,1,2022-W43,OOS_RESERVED
2022-11-01,ES1!,long,BE,0,2022-W44,OOS_RESERVED
2022-11-01,NQ1!,long,W,1,2022-W44,OOS_RESERVED
2022-11-02,EURUSD,long,W,1,2022-W44,OOS_RESERVED
2022-11-02,EURUSD,long,L,-1,2022-W44,OOS_RESERVED
2022-11-02,EURUSD,long,W,1,2022-W44,OOS_RESERVED
2022-11-02,NQ1!,long,L,-1,2022-W44,OOS_RESERVED
2022-11-04,Z1!,long,W,1,2022-W44,OOS_RESERVED
2022-11-09,NQ1!,short,W,1,2022-W45,OOS_RESERVED
2022-11-09,NQ1!,short,L,-1,2022-W45,OOS_RESERVED
2022-11-09,Z1!,long,L,-1,2022-W45,OOS_RESERVED
2022-11-10,FDAX1!,long,W,1,2022-W45,OOS_RESERVED
2022-11-10,Z1!,long,W,1,2022-W45,OOS_RESERVED
2022-11-15,EURUSD,long,W,1,2022-W46,OOS_RESERVED
2022-11-16,EURUSD,long,W,1,2022-W46,OOS_RESERVED
2022-11-17,ES1!,short,BE,0,2022-W46,OOS_RESERVED
2022-11-17,EURUSD,long,L,-1,2022-W46,OOS_RESERVED
2022-11-18,XAUUSD,long,W,1,2022-W46,OOS_RESERVED
2022-11-21,NK2251!,short,L,-1,2022-W47,OOS_RESERVED
2022-11-22,ES1!,short,L,-1,2022-W47,OOS_RESERVED
2022-11-22,Z1!,long,BE,0,2022-W47,OOS_RESERVED
2022-11-23,XAUUSD,short,L,-1,2022-W47,OOS_RESERVED
2022-11-25,EURUSD,long,L,-1,2022-W47,OOS_RESERVED
2022-11-25,Z1!,long,BE,0,2022-W47,OOS_RESERVED
2022-11-29,FDAX1!,long,W,1,2022-W48,OOS_RESERVED
2022-11-29,XAUUSD,short,L,-1,2022-W48,OOS_RESERVED
2022-11-30,FDAX1!,long,BE,0,2022-W48,OOS_RESERVED
2022-12-05,XAUUSD,long,W,1,2022-W49,OOS_RESERVED
2022-12-08,EURUSD,long,L,-1,2022-W49,OOS_RESERVED
2022-12-12,EURUSD,long,W,1,2022-W50,OOS_RESERVED
2022-12-12,XAUUSD,short,L,-1,2022-W50,OOS_RESERVED
2022-12-13,EURUSD,long,W,1,2022-W50,OOS_RESERVED
2022-12-13,EURUSD,long,W,1,2022-W50,OOS_RESERVED
2022-12-13,Z1!,short,BE,0,2022-W50,OOS_RESERVED
2022-12-19,EURUSD,short,W,1,2022-W51,OOS_RESERVED
2022-12-20,XAUUSD,short,L,-1,2022-W51,OOS_RESERVED
2022-12-21,ES1!,short,L,-1,2022-W51,OOS_RESERVED
2022-12-21,FDAX1!,short,W,1,2022-W51,OOS_RESERVED
2022-12-23,FDAX1!,long,L,-1,2022-W51,OOS_RESERVED
2022-12-23,Z1!,long,L,-1,2022-W51,OOS_RESERVED
2022-12-27,ES1!,short,L,-1,2022-W52,OOS_RESERVED
2022-12-27,ES1!,short,W,1,2022-W52,OOS_RESERVED
2022-12-27,FDAX1!,long,W,1,2022-W52,OOS_RESERVED
2022-12-27,FDAX1!,long,L,-1,2022-W52,OOS_RESERVED
2022-12-28,NK2251!,short,L,-1,2022-W52,OOS_RESERVED
2022-12-28,NK2251!,short,W,1,2022-W52,OOS_RESERVED
2022-12-28,NQ1!,short,L,-1,2022-W52,OOS_RESERVED
2022-12-29,EURUSD,long,W,1,2022-W52,OOS_RESERVED
2022-12-29,FDAX1!,long,L,-1,2022-W52,OOS_RESERVED
2022-12-29,XAUUSD,long,W,1,2022-W52,OOS_RESERVED
2022-12-30,XAUUSD,long,L,-1,2022-W52,OOS_RESERVED
2022-12-30,XAUUSD,long,W,1,2022-W52,OOS_RESERVED
2023-01-03,FDAX1!,long,W,1,2023-W01,OOS_RESERVED
2023-01-03,NK2251!,short,L,-1,2023-W01,OOS_RESERVED
2023-01-04,XAUUSD,long,W,1,2023-W01,OOS_RESERVED
2023-01-04,XAUUSD,long,W,1,2023-W01,OOS_RESERVED
2023-01-05,ES1!,short,L,-1,2023-W01,OOS_RESERVED
2023-01-05,EURUSD,short,W,1,2023-W01,OOS_RESERVED
2023-01-05,NK2251!,short,L,-1,2023-W01,OOS_RESERVED
2023-01-05,NQ1!,short,L,-1,2023-W01,OOS_RESERVED
2023-01-05,NQ1!,short,BE,0,2023-W01,OOS_RESERVED
2023-01-06,ES1!,short,L,-1,2023-W01,OOS_RESERVED
2023-01-10,Z1!,long,W,1,2023-W02,OOS_RESERVED
2023-01-11,ES1!,long,W,1,2023-W02,OOS_RESERVED
2023-01-11,ES1!,long,W,1,2023-W02,OOS_RESERVED
2023-01-11,EURUSD,long,L,-1,2023-W02,OOS_RESERVED
2023-01-11,NQ1!,long,W,1,2023-W02,OOS_RESERVED
2023-01-11,NQ1!,long,W,1,2023-W02,OOS_RESERVED
2023-01-11,Z1!,long,W,1,2023-W02,OOS_RESERVED
2023-01-12,EURUSD,long,W,1,2023-W02,OOS_RESERVED
2023-01-16,EURUSD,long,W,1,2023-W03,OOS_RESERVED
2023-01-19,EURUSD,long,W,1,2023-W03,OOS_RESERVED
2023-01-20,EURUSD,long,L,-1,2023-W03,OOS_RESERVED
2023-01-20,EURUSD,long,L,-1,2023-W03,OOS_RESERVED
2023-01-22,EURUSD,long,W,1,2023-W03,OOS_RESERVED
2023-01-23,EURUSD,long,L,-1,2023-W04,OOS_RESERVED
2023-01-24,NK2251!,long,W,1,2023-W04,OOS_RESERVED
2023-01-24,NQ1!,long,BE,0,2023-W04,OOS_RESERVED
2023-01-24,Z1!,short,W,1,2023-W04,OOS_RESERVED
2023-01-25,ES1!,long,L,-1,2023-W04,OOS_RESERVED
2023-01-25,Z1!,short,BE,0,2023-W04,OOS_RESERVED
2023-01-27,Z1!,short,BE,0,2023-W04,OOS_RESERVED
2023-01-30,EURUSD,long,L,-1,2023-W05,OOS_RESERVED
2023-01-30,EURUSD,long,W,1,2023-W05,OOS_RESERVED
2023-01-30,NK2251!,long,BE,0,2023-W05,OOS_RESERVED
2023-01-30,Z1!,short,BE,0,2023-W05,OOS_RESERVED
2023-01-31,XAUUSD,short,W,1,2023-W05,OOS_RESERVED
2023-02-01,ES1!,short,L,-1,2023-W05,OOS_RESERVED
2023-02-01,EURUSD,short,L,-1,2023-W05,OOS_RESERVED
2023-02-01,NQ1!,long,L,-1,2023-W05,OOS_RESERVED
2023-02-01,NQ1!,long,AMBIG,,2023-W05,OOS_RESERVED
2023-02-01,XAUUSD,short,L,-1,2023-W05,OOS_RESERVED
2023-02-07,ES1!,long,W,1,2023-W06,OOS_RESERVED
2023-02-07,NQ1!,long,W,1,2023-W06,OOS_RESERVED
2023-02-07,NQ1!,long,W,1,2023-W06,OOS_RESERVED
2023-02-07,NQ1!,long,W,1,2023-W06,OOS_RESERVED
2023-02-07,Z1!,long,BE,0,2023-W06,OOS_RESERVED
2023-02-08,FDAX1!,long,W,1,2023-W06,OOS_RESERVED
2023-02-08,NK2251!,short,L,-1,2023-W06,OOS_RESERVED
2023-02-08,NK2251!,short,L,-1,2023-W06,OOS_RESERVED
2023-02-09,XAUUSD,long,W,1,2023-W06,OOS_RESERVED
2023-02-15,ES1!,short,L,-1,2023-W07,OOS_RESERVED
2023-02-15,EURUSD,short,W,1,2023-W07,OOS_RESERVED
2023-02-15,NQ1!,short,L,-1,2023-W07,OOS_RESERVED
2023-02-16,ES1!,short,W,1,2023-W07,OOS_RESERVED
2023-02-16,EURUSD,short,BE,0,2023-W07,OOS_RESERVED
2023-02-16,NQ1!,short,W,1,2023-W07,OOS_RESERVED
2023-02-16,XAUUSD,short,W,1,2023-W07,OOS_RESERVED
2023-02-17,ES1!,short,BE,0,2023-W07,OOS_RESERVED
2023-02-17,NQ1!,short,W,1,2023-W07,OOS_RESERVED
2023-02-20,EURUSD,short,L,-1,2023-W08,OOS_RESERVED
2023-02-21,ES1!,short,W,1,2023-W08,OOS_RESERVED
2023-02-21,EURUSD,short,L,-1,2023-W08,OOS_RESERVED
2023-02-21,EURUSD,short,W,1,2023-W08,OOS_RESERVED
2023-02-21,FDAX1!,short,W,1,2023-W08,OOS_RESERVED
2023-02-21,NQ1!,short,W,1,2023-W08,OOS_RESERVED
2023-02-21,NQ1!,short,BE,0,2023-W08,OOS_RESERVED
2023-02-22,EURUSD,short,W,1,2023-W08,OOS_RESERVED
2023-02-22,EURUSD,short,W,1,2023-W08,OOS_RESERVED
2023-02-22,EURUSD,short,BE,0,2023-W08,OOS_RESERVED
2023-02-22,XAUUSD,long,L,-1,2023-W08,OOS_RESERVED
2023-02-22,XAUUSD,long,L,-1,2023-W08,OOS_RESERVED
2023-02-24,NK2251!,short,W,1,2023-W08,OOS_RESERVED
2023-02-28,FDAX1!,short,W,1,2023-W09,OOS_RESERVED
2023-02-28,NQ1!,short,W,1,2023-W09,OOS_RESERVED
2023-02-28,Z1!,short,BE,0,2023-W09,OOS_RESERVED
2023-03-01,ES1!,short,BE,0,2023-W09,OOS_RESERVED
2023-03-01,FDAX1!,short,BE,0,2023-W09,OOS_RESERVED
2023-03-01,NK2251!,long,BE,0,2023-W09,OOS_RESERVED
2023-03-01,NQ1!,short,W,1,2023-W09,OOS_RESERVED
2023-03-01,Z1!,short,L,-1,2023-W09,OOS_RESERVED
2023-03-02,EURUSD,short,W,1,2023-W09,OOS_RESERVED
2023-03-02,Z1!,short,L,-1,2023-W09,OOS_RESERVED
2023-03-07,XAUUSD,long,L,-1,2023-W10,OOS_RESERVED
2023-03-09,FDAX1!,short,W,1,2023-W10,OOS_RESERVED
2023-03-09,FDAX1!,short,W,1,2023-W10,OOS_RESERVED
2023-03-09,FDAX1!,short,W,1,2023-W10,OOS_RESERVED
2023-03-15,FDAX1!,short,W,1,2023-W11,OOS_RESERVED
2023-03-15,Z1!,short,W,1,2023-W11,OOS_RESERVED
2023-03-16,FDAX1!,short,BE,0,2023-W11,OOS_RESERVED
2023-03-20,NK2251!,short,L,-1,2023-W12,OOS_RESERVED
2023-03-21,EURUSD,short,L,-1,2023-W12,OOS_RESERVED
2023-03-21,XAUUSD,long,L,-1,2023-W12,OOS_RESERVED
2023-03-22,ES1!,long,BE,0,2023-W12,OOS_RESERVED
2023-03-23,XAUUSD,short,W,1,2023-W12,OOS_RESERVED
2023-03-24,NK2251!,long,W,1,2023-W12,OOS_RESERVED
2023-03-24,NQ1!,long,L,-1,2023-W12,OOS_RESERVED
2023-03-27,ES1!,short,L,-1,2023-W13,OOS_RESERVED
2023-03-27,EURUSD,long,L,-1,2023-W13,OOS_RESERVED
2023-03-28,ES1!,short,W,1,2023-W13,OOS_RESERVED
2023-03-28,EURUSD,long,W,1,2023-W13,OOS_RESERVED
2023-03-28,XAUUSD,long,W,1,2023-W13,OOS_RESERVED
2023-03-29,EURUSD,long,L,-1,2023-W13,OOS_RESERVED
2023-03-29,EURUSD,long,W,1,2023-W13,OOS_RESERVED
2023-03-29,XAUUSD,long,L,-1,2023-W13,OOS_RESERVED
2023-03-29,Z1!,long,W,1,2023-W13,OOS_RESERVED
2023-03-30,EURUSD,long,W,1,2023-W13,OOS_RESERVED
2023-03-30,XAUUSD,long,L,-1,2023-W13,OOS_RESERVED
2023-03-31,XAUUSD,long,L,-1,2023-W13,OOS_RESERVED
2023-04-03,XAUUSD,long,W,1,2023-W14,OOS_RESERVED
2023-04-04,EURUSD,long,BE,0,2023-W14,OOS_RESERVED
2023-04-04,FDAX1!,long,BE,0,2023-W14,OOS_RESERVED
2023-04-04,NQ1!,long,W,1,2023-W14,OOS_RESERVED
2023-04-04,XAUUSD,long,W,1,2023-W14,OOS_RESERVED
2023-04-05,Z1!,long,W,1,2023-W14,OOS_RESERVED
2023-04-05,Z1!,long,L,-1,2023-W14,OOS_RESERVED
2023-04-06,ES1!,long,L,-1,2023-W14,OOS_RESERVED
2023-04-06,Z1!,long,W,1,2023-W14,OOS_RESERVED
2023-04-12,XAUUSD,long,L,-1,2023-W15,OOS_RESERVED
2023-04-13,FDAX1!,long,W,1,2023-W15,OOS_RESERVED
2023-04-13,XAUUSD,long,W,1,2023-W15,OOS_RESERVED
2023-04-14,ES1!,long,BE,0,2023-W15,OOS_RESERVED
2023-04-14,FDAX1!,long,W,1,2023-W15,OOS_RESERVED
2023-04-14,FDAX1!,long,BE,0,2023-W15,OOS_RESERVED
2023-04-14,NQ1!,short,W,1,2023-W15,OOS_RESERVED
2023-04-17,ES1!,long,L,-1,2023-W16,OOS_RESERVED
2023-04-17,ES1!,long,L,-1,2023-W16,OOS_RESERVED
2023-04-17,ES1!,long,BE,0,2023-W16,OOS_RESERVED
2023-04-17,XAUUSD,long,W,1,2023-W16,OOS_RESERVED
2023-04-17,XAUUSD,long,L,-1,2023-W16,OOS_RESERVED
2023-04-18,NK2251!,long,L,-1,2023-W16,OOS_RESERVED
2023-04-18,Z1!,long,L,-1,2023-W16,OOS_RESERVED
2023-04-18,Z1!,long,BE,0,2023-W16,OOS_RESERVED
2023-04-18,Z1!,long,BE,0,2023-W16,OOS_RESERVED
2023-04-19,XAUUSD,short,W,1,2023-W16,OOS_RESERVED
2023-04-20,EURUSD,short,L,-1,2023-W16,OOS_RESERVED
2023-04-20,NK2251!,long,W,1,2023-W16,OOS_RESERVED
2023-04-21,NK2251!,long,BE,0,2023-W16,OOS_RESERVED
2023-04-24,NK2251!,long,BE,0,2023-W17,OOS_RESERVED
2023-04-24,XAUUSD,long,L,-1,2023-W17,OOS_RESERVED
2023-04-24,XAUUSD,long,W,1,2023-W17,OOS_RESERVED
2023-04-24,Z1!,long,W,1,2023-W17,OOS_RESERVED
2023-04-25,EURUSD,long,W,1,2023-W17,OOS_RESERVED
2023-04-25,FDAX1!,short,W,1,2023-W17,OOS_RESERVED
2023-04-25,FDAX1!,short,BE,0,2023-W17,OOS_RESERVED
2023-04-25,XAUUSD,long,W,1,2023-W17,OOS_RESERVED
2023-04-25,XAUUSD,long,L,-1,2023-W17,OOS_RESERVED
2023-04-26,FDAX1!,short,W,1,2023-W17,OOS_RESERVED
2023-04-26,FDAX1!,short,W,1,2023-W17,OOS_RESERVED
2023-04-26,XAUUSD,long,L,-1,2023-W17,OOS_RESERVED
2023-04-27,EURUSD,long,L,-1,2023-W17,OOS_RESERVED
2023-04-28,XAUUSD,short,AMBIG,,2023-W17,OOS_RESERVED
2023-05-02,EURUSD,short,BE,0,2023-W18,OOS_RESERVED
2023-05-03,ES1!,long,L,-1,2023-W18,OOS_RESERVED
2023-05-03,NK2251!,long,L,-1,2023-W18,OOS_RESERVED
2023-05-08,ES1!,short,W,1,2023-W19,OOS_RESERVED
2023-05-09,FDAX1!,long,L,-1,2023-W19,OOS_RESERVED
2023-05-10,ES1!,short,L,-1,2023-W19,OOS_RESERVED
2023-05-10,ES1!,short,W,1,2023-W19,OOS_RESERVED
2023-05-10,Z1!,short,L,-1,2023-W19,OOS_RESERVED
2023-05-11,EURUSD,short,W,1,2023-W19,OOS_RESERVED
2023-05-11,XAUUSD,short,W,1,2023-W19,OOS_RESERVED
2023-05-11,Z1!,short,BE,0,2023-W19,OOS_RESERVED
2023-05-12,ES1!,short,BE,0,2023-W19,OOS_RESERVED
2023-05-16,EURUSD,short,L,-1,2023-W20,OOS_RESERVED
2023-05-16,XAUUSD,short,BE,0,2023-W20,OOS_RESERVED
2023-05-17,FDAX1!,short,L,-1,2023-W20,OOS_RESERVED
2023-05-19,Z1!,long,BE,0,2023-W20,OOS_RESERVED
2023-05-22,NQ1!,long,W,1,2023-W21,OOS_RESERVED
2023-05-22,XAUUSD,short,L,-1,2023-W21,OOS_RESERVED
2023-05-22,XAUUSD,short,L,-1,2023-W21,OOS_RESERVED
2023-05-23,EURUSD,short,L,-1,2023-W21,OOS_RESERVED
2023-05-23,XAUUSD,short,L,-1,2023-W21,OOS_RESERVED
2023-05-23,Z1!,long,BE,0,2023-W21,OOS_RESERVED
2023-05-24,EURUSD,short,BE,0,2023-W21,OOS_RESERVED
2023-05-30,ES1!,long,W,1,2023-W22,OOS_RESERVED
2023-05-30,FDAX1!,long,AMBIG,,2023-W22,OOS_RESERVED
2023-05-30,NQ1!,long,W,1,2023-W22,OOS_RESERVED
2023-06-01,EURUSD,short,W,1,2023-W22,OOS_RESERVED
2023-06-05,NQ1!,long,BE,0,2023-W23,OOS_RESERVED
2023-06-06,EURUSD,long,L,-1,2023-W23,OOS_RESERVED
2023-06-06,EURUSD,long,W,1,2023-W23,OOS_RESERVED
2023-06-06,EURUSD,long,W,1,2023-W23,OOS_RESERVED
2023-06-07,EURUSD,long,W,1,2023-W23,OOS_RESERVED
2023-06-08,EURUSD,long,W,1,2023-W23,OOS_RESERVED
2023-06-09,NQ1!,short,L,-1,2023-W23,OOS_RESERVED
2023-06-09,XAUUSD,short,L,-1,2023-W23,OOS_RESERVED
2023-06-12,NK2251!,short,L,-1,2023-W24,OOS_RESERVED
2023-06-14,NQ1!,long,BE,0,2023-W24,OOS_RESERVED
2023-06-15,ES1!,long,BE,0,2023-W24,OOS_RESERVED
2023-06-16,XAUUSD,short,L,-1,2023-W24,OOS_RESERVED
2023-06-19,XAUUSD,short,L,-1,2023-W25,OOS_RESERVED
2023-06-20,XAUUSD,short,L,-1,2023-W25,OOS_RESERVED
2023-06-20,XAUUSD,short,W,1,2023-W25,OOS_RESERVED
2023-06-20,XAUUSD,short,W,1,2023-W25,OOS_RESERVED
2023-06-21,NK2251!,short,W,1,2023-W25,OOS_RESERVED
2023-06-21,XAUUSD,short,W,1,2023-W25,OOS_RESERVED
2023-06-22,NK2251!,short,W,1,2023-W25,OOS_RESERVED
2023-06-23,NK2251!,short,W,1,2023-W25,OOS_RESERVED
2023-06-23,NQ1!,short,W,1,2023-W25,OOS_RESERVED
2023-06-26,NK2251!,short,W,1,2023-W26,OOS_RESERVED
2023-06-26,NQ1!,short,L,-1,2023-W26,OOS_RESERVED
2023-06-26,NQ1!,short,BE,0,2023-W26,OOS_RESERVED
2023-06-27,EURUSD,short,W,1,2023-W26,OOS_RESERVED
2023-06-27,NK2251!,short,BE,0,2023-W26,OOS_RESERVED
2023-06-27,XAUUSD,short,W,1,2023-W26,OOS_RESERVED
2023-06-28,EURUSD,short,L,-1,2023-W26,OOS_RESERVED
2023-06-28,EURUSD,short,W,1,2023-W26,OOS_RESERVED
2023-06-28,NQ1!,short,L,-1,2023-W26,OOS_RESERVED
2023-06-28,XAUUSD,short,W,1,2023-W26,OOS_RESERVED
2023-06-28,XAUUSD,short,BE,0,2023-W26,OOS_RESERVED
2023-06-28,Z1!,short,L,-1,2023-W26,OOS_RESERVED
2023-06-29,EURUSD,short,BE,0,2023-W26,OOS_RESERVED
2023-06-29,FDAX1!,short,L,-1,2023-W26,OOS_RESERVED
2023-06-29,XAUUSD,short,BE,0,2023-W26,OOS_RESERVED
2023-06-29,Z1!,short,W,1,2023-W26,OOS_RESERVED
2023-06-30,EURUSD,short,L,-1,2023-W26,OOS_RESERVED
2023-06-30,EURUSD,short,W,1,2023-W26,OOS_RESERVED
2023-06-30,XAUUSD,short,W,1,2023-W26,OOS_RESERVED
2023-07-02,EURUSD,short,W,1,2023-W26,OOS_RESERVED
2023-07-02,NK2251!,long,W,1,2023-W26,OOS_RESERVED
2023-07-03,EURUSD,short,W,1,2023-W27,OOS_RESERVED
2023-07-04,Z1!,long,L,-1,2023-W27,OOS_RESERVED
2023-07-05,ES1!,long,L,-1,2023-W27,OOS_RESERVED
2023-07-05,XAUUSD,long,AMBIG,,2023-W27,OOS_RESERVED
2023-07-05,XAUUSD,long,BE,0,2023-W27,OOS_RESERVED
2023-07-07,ES1!,short,W,1,2023-W27,OOS_RESERVED
2023-07-07,NQ1!,short,W,1,2023-W27,OOS_RESERVED
2023-07-11,NK2251!,short,BE,0,2023-W28,OOS_RESERVED
2023-07-11,XAUUSD,long,W,1,2023-W28,OOS_RESERVED
2023-07-11,Z1!,short,L,-1,2023-W28,OOS_RESERVED
2023-07-17,ES1!,long,W,1,2023-W29,OOS_RESERVED
2023-07-17,ES1!,long,W,1,2023-W29,OOS_RESERVED
2023-07-17,Z1!,long,W,1,2023-W29,OOS_RESERVED
2023-07-18,FDAX1!,long,W,1,2023-W29,OOS_RESERVED
2023-07-18,NK2251!,long,BE,0,2023-W29,OOS_RESERVED
2023-07-18,Z1!,long,W,1,2023-W29,OOS_RESERVED
2023-07-21,ES1!,long,W,1,2023-W29,OOS_RESERVED
2023-07-21,ES1!,long,W,1,2023-W29,OOS_RESERVED
2023-07-21,FDAX1!,long,W,1,2023-W29,OOS_RESERVED
2023-07-21,FDAX1!,long,W,1,2023-W29,OOS_RESERVED
2023-07-24,ES1!,long,W,1,2023-W30,OOS_RESERVED
2023-07-24,ES1!,long,W,1,2023-W30,OOS_RESERVED
2023-07-24,ES1!,long,BE,0,2023-W30,OOS_RESERVED
2023-07-24,FDAX1!,long,L,-1,2023-W30,OOS_RESERVED
2023-07-25,ES1!,long,L,-1,2023-W30,OOS_RESERVED
2023-07-25,ES1!,long,W,1,2023-W30,OOS_RESERVED
2023-07-26,ES1!,long,BE,0,2023-W30,OOS_RESERVED
2023-07-26,EURUSD,short,L,-1,2023-W30,OOS_RESERVED
2023-07-26,FDAX1!,long,L,-1,2023-W30,OOS_RESERVED
2023-07-26,NQ1!,short,W,1,2023-W30,OOS_RESERVED
2023-07-30,XAUUSD,short,W,1,2023-W30,OOS_RESERVED
2023-07-31,EURUSD,long,L,-1,2023-W31,OOS_RESERVED
2023-08-02,ES1!,short,BE,0,2023-W31,OOS_RESERVED
2023-08-04,EURUSD,short,L,-1,2023-W31,OOS_RESERVED
2023-08-04,XAUUSD,short,AMBIG,,2023-W31,OOS_RESERVED
2023-08-07,XAUUSD,long,L,-1,2023-W32,OOS_RESERVED
2023-08-07,Z1!,short,L,-1,2023-W32,OOS_RESERVED
2023-08-08,Z1!,short,L,-1,2023-W32,OOS_RESERVED
2023-08-15,NQ1!,short,W,1,2023-W33,OOS_RESERVED
2023-08-16,NQ1!,short,W,1,2023-W33,OOS_RESERVED
2023-08-21,XAUUSD,short,BE,0,2023-W34,OOS_RESERVED
2023-08-21,XAUUSD,short,L,-1,2023-W34,OOS_RESERVED
2023-08-22,NK2251!,short,L,-1,2023-W34,OOS_RESERVED
2023-08-22,XAUUSD,long,W,1,2023-W34,OOS_RESERVED
2023-08-23,FDAX1!,short,L,-1,2023-W34,OOS_RESERVED
2023-08-28,NQ1!,long,W,1,2023-W35,OOS_RESERVED
2023-08-29,NK2251!,long,W,1,2023-W35,OOS_RESERVED
2023-08-29,NQ1!,long,W,1,2023-W35,OOS_RESERVED
2023-09-04,EURUSD,short,L,-1,2023-W36,OOS_RESERVED
2023-09-04,Z1!,long,BE,0,2023-W36,OOS_RESERVED
2023-09-06,NQ1!,short,W,1,2023-W36,OOS_RESERVED
2023-09-06,NQ1!,short,W,1,2023-W36,OOS_RESERVED
2023-09-14,Z1!,long,W,1,2023-W37,OOS_RESERVED
2023-09-18,EURUSD,short,L,-1,2023-W38,OOS_RESERVED
2023-09-19,Z1!,long,L,-1,2023-W38,OOS_RESERVED
2023-09-22,EURUSD,short,BE,0,2023-W38,OOS_RESERVED
2023-09-25,EURUSD,short,W,1,2023-W39,OOS_RESERVED
2023-09-25,FDAX1!,short,W,1,2023-W39,OOS_RESERVED
2023-09-25,NK2251!,short,W,1,2023-W39,OOS_RESERVED
2023-09-25,NQ1!,short,BE,0,2023-W39,OOS_RESERVED
2023-09-25,XAUUSD,short,W,1,2023-W39,OOS_RESERVED
2023-09-25,XAUUSD,short,W,1,2023-W39,OOS_RESERVED
2023-09-26,ES1!,short,W,1,2023-W39,OOS_RESERVED
2023-09-26,NK2251!,short,W,1,2023-W39,OOS_RESERVED
2023-09-26,NQ1!,short,BE,0,2023-W39,OOS_RESERVED
2023-09-27,NK2251!,short,W,1,2023-W39,OOS_RESERVED
2023-09-27,Z1!,short,BE,0,2023-W39,OOS_RESERVED
2023-10-02,NQ1!,long,L,-1,2023-W40,OOS_RESERVED
2023-10-02,NQ1!,long,L,-1,2023-W40,OOS_RESERVED
2023-10-03,NQ1!,long,L,-1,2023-W40,OOS_RESERVED
2023-10-04,XAUUSD,short,BE,0,2023-W40,OOS_RESERVED
2023-10-05,ES1!,short,L,-1,2023-W40,OOS_RESERVED
2023-10-05,FDAX1!,short,L,-1,2023-W40,OOS_RESERVED
2023-10-05,NK2251!,short,W,1,2023-W40,OOS_RESERVED
2023-10-05,NQ1!,short,L,-1,2023-W40,OOS_RESERVED
2023-10-05,XAUUSD,short,BE,0,2023-W40,OOS_RESERVED
2023-10-06,ES1!,short,L,-1,2023-W40,OOS_RESERVED
2023-10-06,NQ1!,short,L,-1,2023-W40,OOS_RESERVED
2023-10-09,ES1!,long,W,1,2023-W41,OOS_RESERVED
2023-10-09,NQ1!,long,L,-1,2023-W41,OOS_RESERVED
2023-10-10,EURUSD,long,BE,0,2023-W41,OOS_RESERVED
2023-10-16,NK2251!,long,L,-1,2023-W42,OOS_RESERVED
2023-10-19,EURUSD,long,W,1,2023-W42,OOS_RESERVED
2023-10-19,NK2251!,long,L,-1,2023-W42,OOS_RESERVED
2023-10-25,ES1!,short,W,1,2023-W43,OOS_RESERVED
2023-10-26,Z1!,short,L,-1,2023-W43,OOS_RESERVED
2023-10-30,EURUSD,short,L,-1,2023-W44,OOS_RESERVED
2023-10-30,NK2251!,short,BE,0,2023-W44,OOS_RESERVED
2023-10-31,NQ1!,long,BE,0,2023-W44,OOS_RESERVED
2023-11-01,Z1!,short,L,-1,2023-W44,OOS_RESERVED
2023-11-06,NQ1!,long,W,1,2023-W45,OOS_RESERVED
2023-11-06,XAUUSD,short,W,1,2023-W45,OOS_RESERVED
2023-11-07,ES1!,long,W,1,2023-W45,OOS_RESERVED
2023-11-08,EURUSD,long,W,1,2023-W45,OOS_RESERVED
2023-11-08,FDAX1!,short,W,1,2023-W45,OOS_RESERVED
2023-11-08,XAUUSD,short,W,1,2023-W45,OOS_RESERVED
2023-11-09,EURUSD,long,L,-1,2023-W45,OOS_RESERVED
2023-11-13,FDAX1!,long,W,1,2023-W46,OOS_RESERVED
2023-11-14,FDAX1!,long,BE,0,2023-W46,OOS_RESERVED
2023-11-14,XAUUSD,short,AMBIG,,2023-W46,OOS_RESERVED
2023-11-16,ES1!,long,L,-1,2023-W46,OOS_RESERVED
2023-11-16,EURUSD,long,W,1,2023-W46,OOS_RESERVED
2023-11-17,FDAX1!,long,W,1,2023-W46,OOS_RESERVED
2023-11-17,NQ1!,long,L,-1,2023-W46,OOS_RESERVED
2023-11-17,NQ1!,long,L,-1,2023-W46,OOS_RESERVED
2023-11-20,ES1!,long,BE,0,2023-W47,OOS_RESERVED
2023-11-20,ES1!,long,W,1,2023-W47,OOS_RESERVED
2023-11-20,NQ1!,long,W,1,2023-W47,OOS_RESERVED
2023-11-20,NQ1!,long,W,1,2023-W47,OOS_RESERVED
2023-11-22,ES1!,long,W,1,2023-W47,OOS_RESERVED
2023-11-22,FDAX1!,long,BE,0,2023-W47,OOS_RESERVED
2023-11-22,FDAX1!,long,W,1,2023-W47,OOS_RESERVED
2023-11-22,XAUUSD,long,W,1,2023-W47,OOS_RESERVED
2023-11-22,Z1!,long,L,-1,2023-W47,OOS_RESERVED
2023-11-23,EURUSD,long,L,-1,2023-W47,OOS_RESERVED
2023-11-24,EURUSD,long,W,1,2023-W47,OOS_RESERVED
2023-11-24,XAUUSD,long,W,1,2023-W47,OOS_RESERVED
2023-11-27,EURUSD,long,L,-1,2023-W48,OOS_RESERVED
2023-11-27,EURUSD,long,BE,0,2023-W48,OOS_RESERVED
2023-11-27,NK2251!,short,W,1,2023-W48,OOS_RESERVED
2023-11-27,NK2251!,short,W,1,2023-W48,OOS_RESERVED
2023-11-28,NK2251!,short,L,-1,2023-W48,OOS_RESERVED
2023-11-28,XAUUSD,long,BE,0,2023-W48,OOS_RESERVED
2023-11-29,NQ1!,long,BE,0,2023-W48,OOS_RESERVED
2023-11-29,NQ1!,long,W,1,2023-W48,OOS_RESERVED
2023-11-30,Z1!,short,W,1,2023-W48,OOS_RESERVED
2023-12-01,NK2251!,short,W,1,2023-W48,OOS_RESERVED
2023-12-03,NK2251!,short,BE,0,2023-W48,OOS_RESERVED
2023-12-04,NQ1!,short,W,1,2023-W49,OOS_RESERVED
2023-12-07,NK2251!,short,W,1,2023-W49,OOS_RESERVED
2023-12-08,ES1!,short,L,-1,2023-W49,OOS_RESERVED
2023-12-08,FDAX1!,long,BE,0,2023-W49,OOS_RESERVED
2023-12-08,XAUUSD,short,W,1,2023-W49,OOS_RESERVED
2023-12-08,Z1!,long,BE,0,2023-W49,OOS_RESERVED
2023-12-13,EURUSD,long,W,1,2023-W50,OOS_RESERVED
2023-12-13,EURUSD,long,W,1,2023-W50,OOS_RESERVED
2023-12-13,NK2251!,short,L,-1,2023-W50,OOS_RESERVED
2023-12-13,XAUUSD,short,BE,0,2023-W50,OOS_RESERVED
2023-12-13,Z1!,long,L,-1,2023-W50,OOS_RESERVED
2023-12-15,NQ1!,long,W,1,2023-W50,OOS_RESERVED
2023-12-18,ES1!,long,BE,0,2023-W51,OOS_RESERVED
2023-12-18,EURUSD,long,W,1,2023-W51,OOS_RESERVED
2023-12-18,EURUSD,long,W,1,2023-W51,OOS_RESERVED
2023-12-19,EURUSD,long,W,1,2023-W51,OOS_RESERVED
2023-12-19,FDAX1!,long,W,1,2023-W51,OOS_RESERVED
2023-12-19,XAUUSD,short,L,-1,2023-W51,OOS_RESERVED
2023-12-19,Z1!,long,W,1,2023-W51,OOS_RESERVED
2023-12-19,Z1!,long,L,-1,2023-W51,OOS_RESERVED
2023-12-21,EURUSD,long,W,1,2023-W51,OOS_RESERVED
2023-12-21,EURUSD,long,W,1,2023-W51,OOS_RESERVED
2023-12-21,NK2251!,long,W,1,2023-W51,OOS_RESERVED
2023-12-21,XAUUSD,long,AMBIG,,2023-W51,OOS_RESERVED
2023-12-22,FDAX1!,short,L,-1,2023-W51,OOS_RESERVED
2023-12-22,NK2251!,long,W,1,2023-W51,OOS_RESERVED
2023-12-22,NQ1!,long,W,1,2023-W51,OOS_RESERVED
2023-12-22,Z1!,long,L,-1,2023-W51,OOS_RESERVED
2023-12-26,NQ1!,long,BE,0,2023-W52,OOS_RESERVED
2023-12-26,NQ1!,long,W,1,2023-W52,OOS_RESERVED
2023-12-29,FDAX1!,short,L,-1,2023-W52,OOS_RESERVED
2023-12-29,Z1!,long,W,1,2023-W52,OOS_RESERVED
2024-01-02,XAUUSD,long,L,-1,2024-W01,OOS_RESERVED
2024-01-02,Z1!,long,L,-1,2024-W01,OOS_RESERVED
2024-01-02,Z1!,long,W,1,2024-W01,OOS_RESERVED
2024-01-08,XAUUSD,short,W,1,2024-W02,OOS_RESERVED
2024-01-09,NQ1!,short,W,1,2024-W02,OOS_RESERVED
2024-01-10,EURUSD,long,W,1,2024-W02,OOS_RESERVED
2024-01-10,EURUSD,long,L,-1,2024-W02,OOS_RESERVED
2024-01-10,EURUSD,long,W,1,2024-W02,OOS_RESERVED
2024-01-10,XAUUSD,short,L,-1,2024-W02,OOS_RESERVED
2024-01-11,EURUSD,long,L,-1,2024-W02,OOS_RESERVED
2024-01-11,Z1!,short,BE,0,2024-W02,OOS_RESERVED
2024-01-12,ES1!,long,L,-1,2024-W02,OOS_RESERVED
2024-01-12,EURUSD,long,L,-1,2024-W02,OOS_RESERVED
2024-01-15,FDAX1!,long,W,1,2024-W03,OOS_RESERVED
2024-01-15,Z1!,short,W,1,2024-W03,OOS_RESERVED
2024-01-16,Z1!,short,BE,0,2024-W03,OOS_RESERVED
2024-01-17,NQ1!,short,BE,0,2024-W03,OOS_RESERVED
2024-01-18,Z1!,short,L,-1,2024-W03,OOS_RESERVED
2024-01-19,Z1!,short,W,1,2024-W03,OOS_RESERVED
2024-01-22,XAUUSD,short,L,-1,2024-W04,OOS_RESERVED
2024-01-22,XAUUSD,short,L,-1,2024-W04,OOS_RESERVED
2024-01-23,ES1!,long,L,-1,2024-W04,OOS_RESERVED
2024-01-23,ES1!,long,W,1,2024-W04,OOS_RESERVED
2024-01-24,NK2251!,long,L,-1,2024-W04,OOS_RESERVED
2024-01-24,XAUUSD,short,W,1,2024-W04,OOS_RESERVED
2024-01-24,XAUUSD,short,L,-1,2024-W04,OOS_RESERVED
2024-01-25,XAUUSD,short,AMBIG,,2024-W04,OOS_RESERVED
2024-01-25,Z1!,short,L,-1,2024-W04,OOS_RESERVED
2024-01-26,ES1!,long,BE,0,2024-W04,OOS_RESERVED
2024-01-26,ES1!,long,BE,0,2024-W04,OOS_RESERVED
2024-01-26,EURUSD,long,L,-1,2024-W04,OOS_RESERVED
2024-01-26,FDAX1!,long,BE,0,2024-W04,OOS_RESERVED
2024-01-29,NK2251!,short,L,-1,2024-W05,OOS_RESERVED
2024-01-30,NK2251!,short,W,1,2024-W05,OOS_RESERVED
2024-01-30,NQ1!,short,W,1,2024-W05,OOS_RESERVED
2024-01-30,NQ1!,short,W,1,2024-W05,OOS_RESERVED
2024-01-31,XAUUSD,long,W,1,2024-W05,OOS_RESERVED
2024-02-02,Z1!,long,L,-1,2024-W05,OOS_RESERVED
2024-02-05,Z1!,long,L,-1,2024-W06,OOS_RESERVED
2024-02-06,ES1!,long,W,1,2024-W06,OOS_RESERVED
2024-02-07,ES1!,long,W,1,2024-W06,OOS_RESERVED
2024-02-07,NK2251!,long,W,1,2024-W06,OOS_RESERVED
2024-02-07,NQ1!,long,W,1,2024-W06,OOS_RESERVED
2024-02-07,NQ1!,long,BE,0,2024-W06,OOS_RESERVED
2024-02-07,XAUUSD,short,L,-1,2024-W06,OOS_RESERVED
2024-02-08,FDAX1!,long,L,-1,2024-W06,OOS_RESERVED
2024-02-09,NK2251!,long,L,-1,2024-W06,OOS_RESERVED
2024-02-09,NK2251!,long,W,1,2024-W06,OOS_RESERVED
2024-02-12,NK2251!,long,W,1,2024-W07,OOS_RESERVED
2024-02-12,NK2251!,long,W,1,2024-W07,OOS_RESERVED
2024-02-12,XAUUSD,short,BE,0,2024-W07,OOS_RESERVED
2024-02-13,EURUSD,long,L,-1,2024-W07,OOS_RESERVED
2024-02-13,NQ1!,long,W,1,2024-W07,OOS_RESERVED
2024-02-14,NK2251!,long,L,-1,2024-W07,OOS_RESERVED
2024-02-16,EURUSD,short,L,-1,2024-W07,OOS_RESERVED
2024-02-16,NQ1!,short,W,1,2024-W07,OOS_RESERVED
2024-02-19,NK2251!,long,L,-1,2024-W08,OOS_RESERVED
2024-02-20,ES1!,short,W,1,2024-W08,OOS_RESERVED
2024-02-20,EURUSD,long,W,1,2024-W08,OOS_RESERVED
2024-02-20,NK2251!,long,L,-1,2024-W08,OOS_RESERVED
2024-02-20,NQ1!,short,W,1,2024-W08,OOS_RESERVED
2024-02-21,ES1!,short,L,-1,2024-W08,OOS_RESERVED
2024-02-21,EURUSD,long,W,1,2024-W08,OOS_RESERVED
2024-02-21,FDAX1!,long,W,1,2024-W08,OOS_RESERVED
2024-02-23,Z1!,long,L,-1,2024-W08,OOS_RESERVED
2024-02-23,Z1!,long,L,-1,2024-W08,OOS_RESERVED
2024-02-26,ES1!,long,W,1,2024-W09,OOS_RESERVED
2024-02-27,NK2251!,short,W,1,2024-W09,OOS_RESERVED
2024-02-27,NQ1!,short,BE,0,2024-W09,OOS_RESERVED
2024-03-04,FDAX1!,long,L,-1,2024-W10,OOS_RESERVED
2024-03-05,Z1!,short,BE,0,2024-W10,OOS_RESERVED
2024-03-06,NQ1!,long,W,1,2024-W10,OOS_RESERVED
2024-03-07,FDAX1!,short,W,1,2024-W10,OOS_RESERVED
2024-03-07,NQ1!,long,W,1,2024-W10,OOS_RESERVED
2024-03-08,NQ1!,long,W,1,2024-W10,OOS_RESERVED
2024-03-14,ES1!,long,W,1,2024-W11,OOS_RESERVED
2024-03-14,NK2251!,short,L,-1,2024-W11,OOS_RESERVED
2024-03-17,XAUUSD,short,BE,0,2024-W11,OOS_RESERVED
2024-03-18,XAUUSD,short,BE,0,2024-W12,OOS_RESERVED
2024-03-19,NQ1!,short,L,-1,2024-W12,OOS_RESERVED
2024-03-22,XAUUSD,long,W,1,2024-W12,OOS_RESERVED
2024-03-25,XAUUSD,long,W,1,2024-W13,OOS_RESERVED
2024-03-26,NK2251!,long,L,-1,2024-W13,OOS_RESERVED
2024-03-26,XAUUSD,long,W,1,2024-W13,OOS_RESERVED
2024-03-26,XAUUSD,long,L,-1,2024-W13,OOS_RESERVED
2024-03-26,Z1!,long,L,-1,2024-W13,OOS_RESERVED
2024-03-27,EURUSD,short,W,1,2024-W13,OOS_RESERVED
2024-03-27,EURUSD,short,W,1,2024-W13,OOS_RESERVED
2024-03-27,NK2251!,long,W,1,2024-W13,OOS_RESERVED
2024-03-28,EURUSD,short,W,1,2024-W13,OOS_RESERVED
2024-03-28,NK2251!,long,W,1,2024-W13,OOS_RESERVED
2024-03-31,NK2251!,long,W,1,2024-W13,OOS_RESERVED
2024-04-04,FDAX1!,long,L,-1,2024-W14,OOS_RESERVED
2024-04-04,NQ1!,short,L,-1,2024-W14,OOS_RESERVED
2024-04-05,EURUSD,long,L,-1,2024-W14,OOS_RESERVED
2024-04-05,EURUSD,long,L,-1,2024-W14,OOS_RESERVED
2024-04-08,ES1!,short,L,-1,2024-W15,OOS_RESERVED
2024-04-08,EURUSD,long,W,1,2024-W15,OOS_RESERVED
2024-04-08,EURUSD,long,L,-1,2024-W15,OOS_RESERVED
2024-04-08,Z1!,short,L,-1,2024-W15,OOS_RESERVED
2024-04-09,EURUSD,long,W,1,2024-W15,OOS_RESERVED
2024-04-10,EURUSD,long,L,-1,2024-W15,OOS_RESERVED
2024-04-10,NK2251!,short,L,-1,2024-W15,OOS_RESERVED
2024-04-10,NK2251!,short,L,-1,2024-W15,OOS_RESERVED
2024-04-12,NQ1!,short,W,1,2024-W15,OOS_RESERVED
2024-04-15,NQ1!,short,W,1,2024-W16,OOS_RESERVED
2024-04-16,XAUUSD,long,L,-1,2024-W16,OOS_RESERVED
2024-04-17,XAUUSD,long,L,-1,2024-W16,OOS_RESERVED
2024-04-18,FDAX1!,short,BE,0,2024-W16,OOS_RESERVED
2024-04-19,XAUUSD,long,W,1,2024-W16,OOS_RESERVED
2024-04-19,XAUUSD,long,L,-1,2024-W16,OOS_RESERVED
2024-04-23,EURUSD,long,BE,0,2024-W17,OOS_RESERVED
2024-04-23,EURUSD,long,W,1,2024-W17,OOS_RESERVED
2024-04-24,XAUUSD,short,L,-1,2024-W17,OOS_RESERVED
2024-04-25,NQ1!,short,L,-1,2024-W17,OOS_RESERVED
2024-04-25,NQ1!,short,L,-1,2024-W17,OOS_RESERVED
2024-04-26,FDAX1!,long,W,1,2024-W17,OOS_RESERVED
2024-04-26,NK2251!,long,W,1,2024-W17,OOS_RESERVED
2024-04-30,FDAX1!,long,L,-1,2024-W18,OOS_RESERVED
2024-04-30,NK2251!,long,L,-1,2024-W18,OOS_RESERVED
2024-05-02,ES1!,short,BE,0,2024-W18,OOS_RESERVED
2024-05-02,EURUSD,short,L,-1,2024-W18,OOS_RESERVED
2024-05-02,Z1!,long,W,1,2024-W18,OOS_RESERVED
2024-05-03,NK2251!,long,W,1,2024-W18,OOS_RESERVED
2024-05-06,NK2251!,long,W,1,2024-W19,OOS_RESERVED
2024-05-09,ES1!,long,W,1,2024-W19,OOS_RESERVED
2024-05-09,EURUSD,short,W,1,2024-W19,OOS_RESERVED
2024-05-09,NQ1!,short,W,1,2024-W19,OOS_RESERVED
2024-05-09,NQ1!,short,L,-1,2024-W19,OOS_RESERVED
2024-05-09,XAUUSD,long,W,1,2024-W19,OOS_RESERVED
2024-05-13,NK2251!,long,W,1,2024-W20,OOS_RESERVED
2024-05-14,NK2251!,long,W,1,2024-W20,OOS_RESERVED
2024-05-14,NQ1!,short,BE,0,2024-W20,OOS_RESERVED
2024-05-14,XAUUSD,long,W,1,2024-W20,OOS_RESERVED
2024-05-15,NK2251!,long,BE,0,2024-W20,OOS_RESERVED
2024-05-15,XAUUSD,long,W,1,2024-W20,OOS_RESERVED
2024-05-16,Z1!,long,W,1,2024-W20,OOS_RESERVED
2024-05-17,XAUUSD,long,L,-1,2024-W20,OOS_RESERVED
2024-05-17,XAUUSD,long,W,1,2024-W20,OOS_RESERVED
2024-05-20,EURUSD,long,L,-1,2024-W21,OOS_RESERVED
2024-05-21,FDAX1!,short,W,1,2024-W21,OOS_RESERVED
2024-05-21,XAUUSD,long,W,1,2024-W21,OOS_RESERVED
2024-05-22,FDAX1!,short,BE,0,2024-W21,OOS_RESERVED
2024-05-22,FDAX1!,short,BE,0,2024-W21,OOS_RESERVED
2024-05-22,XAUUSD,long,L,-1,2024-W21,OOS_RESERVED
2024-05-27,NQ1!,short,L,-1,2024-W22,OOS_RESERVED
2024-05-28,NK2251!,long,AMBIG,,2024-W22,OOS_RESERVED
2024-05-28,NQ1!,short,L,-1,2024-W22,OOS_RESERVED
2024-05-30,NQ1!,short,W,1,2024-W22,OOS_RESERVED
2024-06-03,EURUSD,short,L,-1,2024-W23,OOS_RESERVED
2024-06-03,FDAX1!,short,W,1,2024-W23,OOS_RESERVED
2024-06-04,FDAX1!,short,W,1,2024-W23,OOS_RESERVED
2024-06-04,NK2251!,short,L,-1,2024-W23,OOS_RESERVED
2024-06-04,NK2251!,short,L,-1,2024-W23,OOS_RESERVED
2024-06-04,NQ1!,long,W,1,2024-W23,OOS_RESERVED
2024-06-04,XAUUSD,short,W,1,2024-W23,OOS_RESERVED
2024-06-04,XAUUSD,short,W,1,2024-W23,OOS_RESERVED
2024-06-04,Z1!,short,W,1,2024-W23,OOS_RESERVED
2024-06-05,XAUUSD,short,L,-1,2024-W23,OOS_RESERVED
2024-06-07,FDAX1!,long,L,-1,2024-W23,OOS_RESERVED
2024-06-07,NK2251!,long,AMBIG,,2024-W23,OOS_RESERVED
2024-06-10,ES1!,long,W,1,2024-W24,OOS_RESERVED
2024-06-10,NK2251!,long,BE,0,2024-W24,OOS_RESERVED
2024-06-10,Z1!,short,BE,0,2024-W24,OOS_RESERVED
2024-06-10,Z1!,short,W,1,2024-W24,OOS_RESERVED
2024-06-11,NQ1!,short,W,1,2024-W24,OOS_RESERVED
2024-06-11,Z1!,short,BE,0,2024-W24,OOS_RESERVED
2024-06-13,XAUUSD,short,L,-1,2024-W24,OOS_RESERVED
2024-06-17,XAUUSD,short,L,-1,2024-W25,OOS_RESERVED
2024-06-18,XAUUSD,short,L,-1,2024-W25,OOS_RESERVED
2024-06-19,EURUSD,short,L,-1,2024-W25,OOS_RESERVED
2024-06-19,FDAX1!,short,L,-1,2024-W25,OOS_RESERVED
2024-06-19,NK2251!,short,W,1,2024-W25,OOS_RESERVED
2024-06-19,NQ1!,long,W,1,2024-W25,OOS_RESERVED
2024-06-20,ES1!,long,BE,0,2024-W25,OOS_RESERVED
2024-06-20,EURUSD,short,W,1,2024-W25,OOS_RESERVED
2024-06-20,NK2251!,short,L,-1,2024-W25,OOS_RESERVED
2024-06-21,EURUSD,short,W,1,2024-W25,OOS_RESERVED
2024-06-21,NK2251!,short,L,-1,2024-W25,OOS_RESERVED
2024-06-24,FDAX1!,long,W,1,2024-W26,OOS_RESERVED
2024-06-24,Z1!,long,BE,0,2024-W26,OOS_RESERVED
2024-06-25,EURUSD,short,W,1,2024-W26,OOS_RESERVED
2024-06-26,EURUSD,short,BE,0,2024-W26,OOS_RESERVED
2024-06-26,EURUSD,short,BE,0,2024-W26,OOS_RESERVED
2024-06-27,ES1!,short,L,-1,2024-W26,OOS_RESERVED
2024-06-27,NQ1!,short,L,-1,2024-W26,OOS_RESERVED
2024-06-28,EURUSD,short,W,1,2024-W26,OOS_RESERVED
2024-07-02,NQ1!,short,L,-1,2024-W27,OOS_RESERVED
2024-07-03,EURUSD,long,W,1,2024-W27,OOS_RESERVED
2024-07-03,XAUUSD,long,W,1,2024-W27,OOS_RESERVED
2024-07-05,XAUUSD,long,BE,0,2024-W27,OOS_RESERVED
2024-07-08,Z1!,long,L,-1,2024-W28,OOS_RESERVED
2024-07-09,XAUUSD,long,L,-1,2024-W28,OOS_RESERVED
2024-07-10,EURUSD,long,W,1,2024-W28,OOS_RESERVED
2024-07-10,FDAX1!,long,W,1,2024-W28,OOS_RESERVED
2024-07-10,Z1!,long,W,1,2024-W28,OOS_RESERVED
2024-07-11,EURUSD,long,W,1,2024-W28,OOS_RESERVED
2024-07-11,FDAX1!,long,W,1,2024-W28,OOS_RESERVED
2024-07-15,NK2251!,short,L,-1,2024-W29,OOS_RESERVED
2024-07-15,XAUUSD,long,W,1,2024-W29,OOS_RESERVED
2024-07-16,ES1!,long,W,1,2024-W29,OOS_RESERVED
2024-07-16,FDAX1!,long,L,-1,2024-W29,OOS_RESERVED
2024-07-16,NQ1!,short,W,1,2024-W29,OOS_RESERVED
2024-07-17,EURUSD,short,L,-1,2024-W29,OOS_RESERVED
2024-07-18,ES1!,short,BE,0,2024-W29,OOS_RESERVED
2024-07-18,FDAX1!,long,L,-1,2024-W29,OOS_RESERVED
2024-07-19,Z1!,short,W,1,2024-W29,OOS_RESERVED
2024-07-23,Z1!,short,W,1,2024-W30,OOS_RESERVED
2024-07-24,ES1!,short,W,1,2024-W30,OOS_RESERVED
2024-07-24,Z1!,short,W,1,2024-W30,OOS_RESERVED
2024-07-24,Z1!,short,BE,0,2024-W30,OOS_RESERVED
2024-07-25,EURUSD,long,BE,0,2024-W30,OOS_RESERVED
2024-07-29,ES1!,short,W,1,2024-W31,OOS_RESERVED
2024-07-29,EURUSD,long,L,-1,2024-W31,OOS_RESERVED
2024-07-29,XAUUSD,short,L,-1,2024-W31,OOS_RESERVED
2024-07-30,ES1!,short,L,-1,2024-W31,OOS_RESERVED
2024-07-30,ES1!,short,L,-1,2024-W31,OOS_RESERVED
2024-07-30,NQ1!,short,W,1,2024-W31,OOS_RESERVED
2024-08-07,EURUSD,long,L,-1,2024-W32,OOS_RESERVED
2024-08-07,NK2251!,short,L,-1,2024-W32,OOS_RESERVED
2024-08-08,EURUSD,long,L,-1,2024-W32,OOS_RESERVED
2024-08-12,NQ1!,long,BE,0,2024-W33,OOS_RESERVED
2024-08-13,FDAX1!,short,L,-1,2024-W33,OOS_RESERVED
2024-08-16,EURUSD,long,W,1,2024-W33,OOS_RESERVED
2024-08-16,EURUSD,long,W,1,2024-W33,OOS_RESERVED
2024-08-16,EURUSD,long,L,-1,2024-W33,OOS_RESERVED
2024-08-16,Z1!,short,W,1,2024-W33,OOS_RESERVED
2024-08-19,Z1!,short,L,-1,2024-W34,OOS_RESERVED
2024-08-20,NK2251!,long,W,1,2024-W34,OOS_RESERVED
2024-08-21,NQ1!,long,W,1,2024-W34,OOS_RESERVED
2024-08-22,NK2251!,long,BE,0,2024-W34,OOS_RESERVED
2024-08-26,NK2251!,long,W,1,2024-W35,OOS_RESERVED
2024-08-26,NQ1!,short,BE,0,2024-W35,OOS_RESERVED
2024-08-27,XAUUSD,short,L,-1,2024-W35,OOS_RESERVED
2024-08-27,XAUUSD,short,L,-1,2024-W35,OOS_RESERVED
2024-08-28,NK2251!,long,L,-1,2024-W35,OOS_RESERVED
2024-08-28,NQ1!,short,W,1,2024-W35,OOS_RESERVED
2024-08-29,NK2251!,long,BE,0,2024-W35,OOS_RESERVED
2024-08-30,EURUSD,short,W,1,2024-W35,OOS_RESERVED
2024-09-02,XAUUSD,short,BE,0,2024-W36,OOS_RESERVED
2024-09-03,EURUSD,short,W,1,2024-W36,OOS_RESERVED
2024-09-03,NQ1!,short,W,1,2024-W36,OOS_RESERVED
2024-09-03,NQ1!,short,W,1,2024-W36,OOS_RESERVED
2024-09-03,NQ1!,short,W,1,2024-W36,OOS_RESERVED
2024-09-03,Z1!,long,L,-1,2024-W36,OOS_RESERVED
2024-09-05,ES1!,short,L,-1,2024-W36,OOS_RESERVED
2024-09-05,NK2251!,short,W,1,2024-W36,OOS_RESERVED
2024-09-05,NQ1!,short,L,-1,2024-W36,OOS_RESERVED
2024-09-05,NQ1!,short,L,-1,2024-W36,OOS_RESERVED
2024-09-05,Z1!,short,W,1,2024-W36,OOS_RESERVED
2024-09-06,EURUSD,long,W,1,2024-W36,OOS_RESERVED
2024-09-06,XAUUSD,long,AMBIG,,2024-W36,OOS_RESERVED
2024-09-10,FDAX1!,short,AMBIG,,2024-W37,OOS_RESERVED
2024-09-10,NK2251!,short,L,-1,2024-W37,OOS_RESERVED
2024-09-13,NK2251!,short,L,-1,2024-W37,OOS_RESERVED
2024-09-13,Z1!,long,W,1,2024-W37,OOS_RESERVED
2024-09-16,Z1!,long,L,-1,2024-W38,OOS_RESERVED
2024-09-16,Z1!,long,W,1,2024-W38,OOS_RESERVED
2024-09-17,NK2251!,short,W,1,2024-W38,OOS_RESERVED
2024-09-20,EURUSD,short,W,1,2024-W38,OOS_RESERVED
2024-09-23,ES1!,long,BE,0,2024-W39,OOS_RESERVED
2024-09-23,EURUSD,short,W,1,2024-W39,OOS_RESERVED
2024-09-24,ES1!,long,L,-1,2024-W39,OOS_RESERVED
2024-09-24,ES1!,long,BE,0,2024-W39,OOS_RESERVED
2024-09-24,NK2251!,long,W,1,2024-W39,OOS_RESERVED
2024-09-24,NQ1!,long,BE,0,2024-W39,OOS_RESERVED
2024-09-25,ES1!,long,BE,0,2024-W39,OOS_RESERVED
2024-09-25,Z1!,long,W,1,2024-W39,OOS_RESERVED
2024-09-25,Z1!,long,L,-1,2024-W39,OOS_RESERVED
2024-09-26,XAUUSD,long,W,1,2024-W39,OOS_RESERVED
2024-09-27,EURUSD,long,L,-1,2024-W39,OOS_RESERVED
2024-09-27,Z1!,long,L,-1,2024-W39,OOS_RESERVED
2024-09-30,EURUSD,long,W,1,2024-W40,OOS_RESERVED
2024-09-30,NK2251!,short,L,-1,2024-W40,OOS_RESERVED
2024-10-01,FDAX1!,long,L,-1,2024-W40,OOS_RESERVED
2024-10-01,NK2251!,short,W,1,2024-W40,OOS_RESERVED
2024-10-01,Z1!,long,L,-1,2024-W40,OOS_RESERVED
2024-10-03,ES1!,short,L,-1,2024-W40,OOS_RESERVED
2024-10-03,XAUUSD,short,AMBIG,,2024-W40,OOS_RESERVED
2024-10-03,XAUUSD,short,L,-1,2024-W40,OOS_RESERVED
2024-10-03,Z1!,long,L,-1,2024-W40,OOS_RESERVED
2024-10-04,XAUUSD,short,W,1,2024-W40,OOS_RESERVED
2024-10-07,FDAX1!,short,BE,0,2024-W41,OOS_RESERVED
2024-10-07,XAUUSD,short,L,-1,2024-W41,OOS_RESERVED
2024-10-07,XAUUSD,short,W,1,2024-W41,OOS_RESERVED
2024-10-08,NQ1!,long,W,1,2024-W41,OOS_RESERVED
2024-10-09,EURUSD,short,BE,0,2024-W41,OOS_RESERVED
2024-10-09,NK2251!,long,L,-1,2024-W41,OOS_RESERVED
2024-10-11,ES1!,long,W,1,2024-W41,OOS_RESERVED
2024-10-11,FDAX1!,long,L,-1,2024-W41,OOS_RESERVED
2024-10-11,FDAX1!,long,W,1,2024-W41,OOS_RESERVED
2024-10-11,NK2251!,long,BE,0,2024-W41,OOS_RESERVED
2024-10-11,NK2251!,long,BE,0,2024-W41,OOS_RESERVED
2024-10-11,Z1!,short,L,-1,2024-W41,OOS_RESERVED
2024-10-14,EURUSD,short,W,1,2024-W42,OOS_RESERVED
2024-10-14,NQ1!,long,W,1,2024-W42,OOS_RESERVED
2024-10-15,XAUUSD,short,W,1,2024-W42,OOS_RESERVED
2024-10-15,XAUUSD,short,L,-1,2024-W42,OOS_RESERVED
2024-10-16,ES1!,long,W,1,2024-W42,OOS_RESERVED
2024-10-16,Z1!,long,W,1,2024-W42,OOS_RESERVED
2024-10-17,FDAX1!,long,W,1,2024-W42,OOS_RESERVED
2024-10-18,NQ1!,short,L,-1,2024-W42,OOS_RESERVED
2024-10-21,NQ1!,short,W,1,2024-W43,OOS_RESERVED
2024-10-21,Z1!,long,L,-1,2024-W43,OOS_RESERVED
2024-10-23,ES1!,short,W,1,2024-W43,OOS_RESERVED
2024-10-24,NK2251!,short,W,1,2024-W43,OOS_RESERVED
2024-10-25,Z1!,short,W,1,2024-W43,OOS_RESERVED
2024-10-28,FDAX1!,long,BE,0,2024-W44,OOS_RESERVED
2024-10-29,EURUSD,short,L,-1,2024-W44,OOS_RESERVED
2024-10-29,EURUSD,short,L,-1,2024-W44,OOS_RESERVED
2024-10-29,FDAX1!,long,W,1,2024-W44,OOS_RESERVED
2024-11-04,FDAX1!,short,L,-1,2024-W45,OOS_RESERVED
2024-11-05,XAUUSD,short,BE,0,2024-W45,OOS_RESERVED
2024-11-07,NK2251!,long,W,1,2024-W45,OOS_RESERVED
2024-11-08,EURUSD,short,W,1,2024-W45,OOS_RESERVED
2024-11-11,EURUSD,short,BE,0,2024-W46,OOS_RESERVED
2024-11-11,XAUUSD,short,W,1,2024-W46,OOS_RESERVED
2024-11-12,NK2251!,long,L,-1,2024-W46,OOS_RESERVED
2024-11-14,ES1!,short,W,1,2024-W46,OOS_RESERVED
2024-11-15,Z1!,short,L,-1,2024-W46,OOS_RESERVED
2024-11-18,FDAX1!,long,L,-1,2024-W47,OOS_RESERVED
2024-11-19,ES1!,short,W,1,2024-W47,OOS_RESERVED
2024-11-19,EURUSD,short,W,1,2024-W47,OOS_RESERVED
2024-11-19,NQ1!,short,W,1,2024-W47,OOS_RESERVED
2024-11-21,ES1!,long,BE,0,2024-W47,OOS_RESERVED
2024-11-21,FDAX1!,short,L,-1,2024-W47,OOS_RESERVED
2024-11-21,NQ1!,long,BE,0,2024-W47,OOS_RESERVED
2024-11-21,Z1!,long,W,1,2024-W47,OOS_RESERVED
2024-11-22,NK2251!,short,W,1,2024-W47,OOS_RESERVED
2024-11-26,EURUSD,long,W,1,2024-W48,OOS_RESERVED
2024-11-26,Z1!,long,L,-1,2024-W48,OOS_RESERVED
2024-11-27,ES1!,long,W,1,2024-W48,OOS_RESERVED
2024-11-27,FDAX1!,long,L,-1,2024-W48,OOS_RESERVED
2024-11-27,NQ1!,short,W,1,2024-W48,OOS_RESERVED
2024-11-27,NQ1!,short,W,1,2024-W48,OOS_RESERVED
2024-11-28,ES1!,long,W,1,2024-W48,OOS_RESERVED
2024-11-28,XAUUSD,short,W,1,2024-W48,OOS_RESERVED
2024-11-29,ES1!,long,W,1,2024-W48,OOS_RESERVED
2024-11-29,ES1!,long,W,1,2024-W48,OOS_RESERVED
2024-11-29,NQ1!,short,W,1,2024-W48,OOS_RESERVED
2024-11-29,XAUUSD,short,W,1,2024-W48,OOS_RESERVED
2024-12-02,NK2251!,short,L,-1,2024-W49,OOS_RESERVED
2024-12-02,Z1!,long,L,-1,2024-W49,OOS_RESERVED
2024-12-02,Z1!,long,W,1,2024-W49,OOS_RESERVED
2024-12-03,EURUSD,long,L,-1,2024-W49,OOS_RESERVED
2024-12-03,EURUSD,long,L,-1,2024-W49,OOS_RESERVED
2024-12-04,EURUSD,long,W,1,2024-W49,OOS_RESERVED
2024-12-04,XAUUSD,short,L,-1,2024-W49,OOS_RESERVED
2024-12-05,EURUSD,long,W,1,2024-W49,OOS_RESERVED
2024-12-05,Z1!,long,L,-1,2024-W49,OOS_RESERVED
2024-12-06,EURUSD,long,W,1,2024-W49,OOS_RESERVED
2024-12-06,Z1!,long,L,-1,2024-W49,OOS_RESERVED
2024-12-09,NK2251!,long,W,1,2024-W50,OOS_RESERVED
2024-12-10,NQ1!,long,W,1,2024-W50,OOS_RESERVED
2024-12-13,XAUUSD,long,L,-1,2024-W50,OOS_RESERVED
2024-12-15,EURUSD,short,L,-1,2024-W50,OOS_RESERVED
2024-12-16,ES1!,long,W,1,2024-W51,OOS_RESERVED
2024-12-16,XAUUSD,long,W,1,2024-W51,OOS_RESERVED
2024-12-16,Z1!,short,W,1,2024-W51,OOS_RESERVED
2024-12-17,EURUSD,long,L,-1,2024-W51,OOS_RESERVED
2024-12-17,XAUUSD,long,L,-1,2024-W51,OOS_RESERVED
2024-12-23,ES1!,short,L,-1,2024-W52,OOS_RESERVED
2024-12-23,EURUSD,short,W,1,2024-W52,OOS_RESERVED
2024-12-23,NQ1!,short,L,-1,2024-W52,OOS_RESERVED
2024-12-24,EURUSD,short,L,-1,2024-W52,OOS_RESERVED
2024-12-25,NK2251!,short,L,-1,2024-W52,OOS_RESERVED
2024-12-27,EURUSD,short,L,-1,2024-W52,OOS_RESERVED
2024-12-27,XAUUSD,short,W,1,2024-W52,OOS_RESERVED
2024-12-30,EURUSD,short,L,-1,2025-W01,OOS_RESERVED
2024-12-30,FDAX1!,short,W,1,2025-W01,OOS_RESERVED
2024-12-30,XAUUSD,short,L,-1,2025-W01,OOS_RESERVED
2025-01-06,FDAX1!,long,W,1,2025-W02,OOS_RESERVED
2025-01-07,EURUSD,short,L,-1,2025-W02,OOS_RESERVED
2025-01-07,EURUSD,short,W,1,2025-W02,OOS_RESERVED
2025-01-07,NK2251!,short,W,1,2025-W02,OOS_RESERVED
2025-01-07,XAUUSD,long,W,1,2025-W02,OOS_RESERVED
2025-01-07,XAUUSD,long,W,1,2025-W02,OOS_RESERVED
2025-01-08,EURUSD,short,W,1,2025-W02,OOS_RESERVED
2025-01-08,NQ1!,short,W,1,2025-W02,OOS_RESERVED
2025-01-08,NQ1!,short,L,-1,2025-W02,OOS_RESERVED
2025-01-08,XAUUSD,long,W,1,2025-W02,OOS_RESERVED
2025-01-08,Z1!,long,L,-1,2025-W02,OOS_RESERVED
2025-01-09,NK2251!,short,W,1,2025-W02,OOS_RESERVED
2025-01-09,NK2251!,short,W,1,2025-W02,OOS_RESERVED
2025-01-10,EURUSD,short,W,1,2025-W02,OOS_RESERVED
2025-01-10,EURUSD,short,W,1,2025-W02,OOS_RESERVED
2025-01-10,FDAX1!,short,W,1,2025-W02,OOS_RESERVED
2025-01-14,XAUUSD,long,W,1,2025-W03,OOS_RESERVED
2025-01-17,EURUSD,short,L,-1,2025-W03,OOS_RESERVED
2025-01-17,EURUSD,short,L,-1,2025-W03,OOS_RESERVED
2025-01-20,ES1!,short,L,-1,2025-W04,OOS_RESERVED
2025-01-21,XAUUSD,long,W,1,2025-W04,OOS_RESERVED
2025-01-21,Z1!,long,L,-1,2025-W04,OOS_RESERVED
2025-01-21,Z1!,long,W,1,2025-W04,OOS_RESERVED
2025-01-24,EURUSD,long,W,1,2025-W04,OOS_RESERVED
2025-01-24,Z1!,long,L,-1,2025-W04,OOS_RESERVED
2025-01-28,FDAX1!,short,L,-1,2025-W05,OOS_RESERVED
2025-01-29,NQ1!,short,W,1,2025-W05,OOS_RESERVED
2025-01-29,Z1!,short,L,-1,2025-W05,OOS_RESERVED
2025-01-29,Z1!,short,L,-1,2025-W05,OOS_RESERVED
2025-02-03,Z1!,long,L,-1,2025-W06,OOS_RESERVED
2025-02-05,NK2251!,short,L,-1,2025-W06,OOS_RESERVED
2025-02-06,NK2251!,short,W,1,2025-W06,OOS_RESERVED
2025-02-07,EURUSD,long,L,-1,2025-W06,OOS_RESERVED
2025-02-07,NK2251!,short,BE,0,2025-W06,OOS_RESERVED
2025-02-10,Z1!,long,W,1,2025-W07,OOS_RESERVED
2025-02-12,ES1!,short,W,1,2025-W07,OOS_RESERVED
2025-02-12,NK2251!,short,L,-1,2025-W07,OOS_RESERVED
2025-02-13,XAUUSD,long,W,1,2025-W07,OOS_RESERVED
2025-02-17,FDAX1!,long,W,1,2025-W08,OOS_RESERVED
2025-02-18,XAUUSD,long,W,1,2025-W08,OOS_RESERVED
2025-02-18,XAUUSD,long,W,1,2025-W08,OOS_RESERVED
2025-02-19,EURUSD,long,L,-1,2025-W08,OOS_RESERVED
2025-02-19,NQ1!,long,L,-1,2025-W08,OOS_RESERVED
2025-02-19,XAUUSD,long,L,-1,2025-W08,OOS_RESERVED
2025-02-19,XAUUSD,long,BE,0,2025-W08,OOS_RESERVED
2025-02-19,Z1!,short,W,1,2025-W08,OOS_RESERVED
2025-02-19,Z1!,short,W,1,2025-W08,OOS_RESERVED
2025-02-20,EURUSD,long,W,1,2025-W08,OOS_RESERVED
2025-02-24,EURUSD,long,BE,0,2025-W09,OOS_RESERVED
2025-02-24,NK2251!,short,W,1,2025-W09,OOS_RESERVED
2025-02-24,XAUUSD,short,W,1,2025-W09,OOS_RESERVED
2025-02-26,EURUSD,long,BE,0,2025-W09,OOS_RESERVED
2025-02-27,ES1!,short,W,1,2025-W09,OOS_RESERVED
2025-02-27,NK2251!,short,W,1,2025-W09,OOS_RESERVED
2025-02-28,FDAX1!,long,L,-1,2025-W09,OOS_RESERVED
2025-03-04,Z1!,long,L,-1,2025-W10,OOS_RESERVED
2025-03-05,FDAX1!,long,W,1,2025-W10,OOS_RESERVED
2025-03-05,NQ1!,short,L,-1,2025-W10,OOS_RESERVED
2025-03-05,XAUUSD,short,L,-1,2025-W10,OOS_RESERVED
2025-03-05,XAUUSD,short,L,-1,2025-W10,OOS_RESERVED
2025-03-05,Z1!,long,L,-1,2025-W10,OOS_RESERVED
2025-03-06,ES1!,short,W,1,2025-W10,OOS_RESERVED
2025-03-06,FDAX1!,long,W,1,2025-W10,OOS_RESERVED
2025-03-06,NQ1!,short,W,1,2025-W10,OOS_RESERVED
2025-03-11,EURUSD,long,W,1,2025-W11,OOS_RESERVED
2025-03-12,XAUUSD,short,L,-1,2025-W11,OOS_RESERVED
2025-03-12,XAUUSD,short,L,-1,2025-W11,OOS_RESERVED
2025-03-13,FDAX1!,short,L,-1,2025-W11,OOS_RESERVED
2025-03-13,NQ1!,short,W,1,2025-W11,OOS_RESERVED
2025-03-14,EURUSD,long,W,1,2025-W11,OOS_RESERVED
2025-03-17,EURUSD,long,W,1,2025-W12,OOS_RESERVED
2025-03-17,EURUSD,long,BE,0,2025-W12,OOS_RESERVED
2025-03-17,XAUUSD,short,L,-1,2025-W12,OOS_RESERVED
2025-03-18,EURUSD,long,BE,0,2025-W12,OOS_RESERVED
2025-03-19,ES1!,long,W,1,2025-W12,OOS_RESERVED
2025-03-19,NQ1!,long,W,1,2025-W12,OOS_RESERVED
2025-03-21,Z1!,long,L,-1,2025-W12,OOS_RESERVED
2025-03-25,FDAX1!,short,L,-1,2025-W13,OOS_RESERVED
2025-03-26,EURUSD,short,BE,0,2025-W13,OOS_RESERVED
2025-03-28,ES1!,long,L,-1,2025-W13,OOS_RESERVED
2025-03-28,EURUSD,short,L,-1,2025-W13,OOS_RESERVED
2025-03-28,Z1!,long,L,-1,2025-W13,OOS_RESERVED
2025-04-01,ES1!,short,L,-1,2025-W14,OOS_RESERVED
2025-04-01,EURUSD,long,W,1,2025-W14,OOS_RESERVED
2025-04-03,FDAX1!,short,W,1,2025-W14,OOS_RESERVED
2025-04-07,EURUSD,long,L,-1,2025-W15,OOS_RESERVED
2025-04-07,XAUUSD,short,L,-1,2025-W15,OOS_RESERVED
2025-04-07,XAUUSD,short,W,1,2025-W15,OOS_RESERVED
2025-04-08,EURUSD,long,L,-1,2025-W15,OOS_RESERVED
2025-04-08,FDAX1!,short,L,-1,2025-W15,OOS_RESERVED
2025-04-08,Z1!,short,L,-1,2025-W15,OOS_RESERVED
2025-04-09,EURUSD,long,W,1,2025-W15,OOS_RESERVED
2025-04-10,EURUSD,long,W,1,2025-W15,OOS_RESERVED
2025-04-10,EURUSD,long,W,1,2025-W15,OOS_RESERVED
2025-04-11,ES1!,long,W,1,2025-W15,OOS_RESERVED
2025-04-11,ES1!,long,L,-1,2025-W15,OOS_RESERVED
2025-04-11,NQ1!,long,L,-1,2025-W15,OOS_RESERVED
2025-04-11,NQ1!,long,L,-1,2025-W15,OOS_RESERVED
2025-04-11,Z1!,long,W,1,2025-W15,OOS_RESERVED
2025-04-14,ES1!,long,W,1,2025-W16,OOS_RESERVED
2025-04-14,Z1!,long,W,1,2025-W16,OOS_RESERVED
2025-04-15,NK2251!,long,L,-1,2025-W16,OOS_RESERVED
2025-04-15,Z1!,long,W,1,2025-W16,OOS_RESERVED
2025-04-17,FDAX1!,long,L,-1,2025-W16,OOS_RESERVED
2025-04-17,FDAX1!,long,L,-1,2025-W16,OOS_RESERVED
2025-04-17,NK2251!,long,W,1,2025-W16,OOS_RESERVED
2025-04-18,EURUSD,long,W,1,2025-W16,OOS_RESERVED
2025-04-18,NK2251!,long,L,-1,2025-W16,OOS_RESERVED
2025-04-20,ES1!,short,W,1,2025-W16,OOS_RESERVED
2025-04-22,FDAX1!,long,W,1,2025-W17,OOS_RESERVED
2025-04-22,NK2251!,long,BE,0,2025-W17,OOS_RESERVED
2025-04-24,Z1!,long,L,-1,2025-W17,OOS_RESERVED
2025-04-25,Z1!,long,L,-1,2025-W17,OOS_RESERVED
2025-04-28,EURUSD,short,L,-1,2025-W18,OOS_RESERVED
2025-04-28,Z1!,long,L,-1,2025-W18,OOS_RESERVED
2025-04-29,ES1!,long,L,-1,2025-W18,OOS_RESERVED
2025-04-29,ES1!,long,BE,0,2025-W18,OOS_RESERVED
2025-04-29,NQ1!,long,BE,0,2025-W18,OOS_RESERVED
2025-04-29,Z1!,long,BE,0,2025-W18,OOS_RESERVED
2025-04-30,EURUSD,short,W,1,2025-W18,OOS_RESERVED
2025-04-30,EURUSD,short,W,1,2025-W18,OOS_RESERVED
2025-04-30,EURUSD,short,W,1,2025-W18,OOS_RESERVED
2025-04-30,XAUUSD,short,W,1,2025-W18,OOS_RESERVED
2025-05-02,ES1!,long,BE,0,2025-W18,OOS_RESERVED
2025-05-06,EURUSD,short,L,-1,2025-W19,OOS_RESERVED
2025-05-07,EURUSD,short,W,1,2025-W19,OOS_RESERVED
2025-05-07,NQ1!,short,W,1,2025-W19,OOS_RESERVED
2025-05-08,EURUSD,short,W,1,2025-W19,OOS_RESERVED
2025-05-08,EURUSD,short,W,1,2025-W19,OOS_RESERVED
2025-05-08,FDAX1!,long,BE,0,2025-W19,OOS_RESERVED
2025-05-08,FDAX1!,long,BE,0,2025-W19,OOS_RESERVED
2025-05-09,Z1!,long,L,-1,2025-W19,OOS_RESERVED
2025-05-11,NQ1!,long,W,1,2025-W19,OOS_RESERVED
2025-05-12,Z1!,long,W,1,2025-W20,OOS_RESERVED
2025-05-12,Z1!,long,L,-1,2025-W20,OOS_RESERVED
2025-05-14,FDAX1!,long,L,-1,2025-W20,OOS_RESERVED
2025-05-14,FDAX1!,long,L,-1,2025-W20,OOS_RESERVED
2025-05-14,XAUUSD,short,W,1,2025-W20,OOS_RESERVED
2025-05-16,EURUSD,short,L,-1,2025-W20,OOS_RESERVED
2025-05-16,EURUSD,short,L,-1,2025-W20,OOS_RESERVED
2025-05-16,XAUUSD,short,W,1,2025-W20,OOS_RESERVED
2025-05-19,FDAX1!,long,W,1,2025-W21,OOS_RESERVED
2025-05-20,EURUSD,long,W,1,2025-W21,OOS_RESERVED
2025-05-20,EURUSD,long,W,1,2025-W21,OOS_RESERVED
2025-05-20,XAUUSD,short,L,-1,2025-W21,OOS_RESERVED
2025-05-22,Z1!,long,L,-1,2025-W21,OOS_RESERVED
2025-05-23,ES1!,short,L,-1,2025-W21,OOS_RESERVED
2025-05-27,XAUUSD,long,L,-1,2025-W22,OOS_RESERVED
2025-05-28,XAUUSD,long,L,-1,2025-W22,OOS_RESERVED
2025-05-30,Z1!,long,W,1,2025-W22,OOS_RESERVED
2025-05-30,Z1!,long,L,-1,2025-W22,OOS_RESERVED
2025-06-02,XAUUSD,long,W,1,2025-W23,OOS_RESERVED
2025-06-02,Z1!,long,BE,0,2025-W23,OOS_RESERVED
2025-06-03,ES1!,short,W,1,2025-W23,OOS_RESERVED
2025-06-03,FDAX1!,short,W,1,2025-W23,OOS_RESERVED
2025-06-04,Z1!,long,L,-1,2025-W23,OOS_RESERVED
2025-06-04,Z1!,long,BE,0,2025-W23,OOS_RESERVED
2025-06-05,ES1!,short,L,-1,2025-W23,OOS_RESERVED
2025-06-05,EURUSD,long,L,-1,2025-W23,OOS_RESERVED
2025-06-05,EURUSD,long,W,1,2025-W23,OOS_RESERVED
2025-06-05,FDAX1!,short,L,-1,2025-W23,OOS_RESERVED
2025-06-05,NK2251!,short,L,-1,2025-W23,OOS_RESERVED
2025-06-05,XAUUSD,long,BE,0,2025-W23,OOS_RESERVED
2025-06-05,Z1!,long,BE,0,2025-W23,OOS_RESERVED
2025-06-05,Z1!,long,BE,0,2025-W23,OOS_RESERVED
2025-06-06,ES1!,long,W,1,2025-W23,OOS_RESERVED
2025-06-06,Z1!,long,BE,0,2025-W23,OOS_RESERVED
2025-06-10,NQ1!,long,BE,0,2025-W24,OOS_RESERVED
2025-06-16,EURUSD,long,L,-1,2025-W25,OOS_RESERVED
2025-06-16,NK2251!,long,W,1,2025-W25,OOS_RESERVED
2025-06-17,FDAX1!,short,W,1,2025-W25,OOS_RESERVED
2025-06-17,FDAX1!,short,BE,0,2025-W25,OOS_RESERVED
2025-06-17,XAUUSD,long,L,-1,2025-W25,OOS_RESERVED
2025-06-17,Z1!,short,W,1,2025-W25,OOS_RESERVED
2025-06-18,ES1!,long,W,1,2025-W25,OOS_RESERVED
2025-06-18,FDAX1!,short,BE,0,2025-W25,OOS_RESERVED
2025-06-18,NK2251!,long,BE,0,2025-W25,OOS_RESERVED
2025-06-18,NQ1!,long,L,-1,2025-W25,OOS_RESERVED
2025-06-18,NQ1!,long,L,-1,2025-W25,OOS_RESERVED
2025-06-18,Z1!,short,L,-1,2025-W25,OOS_RESERVED
2025-06-23,FDAX1!,short,L,-1,2025-W26,OOS_RESERVED
2025-06-23,NK2251!,short,L,-1,2025-W26,OOS_RESERVED
2025-06-23,XAUUSD,short,BE,0,2025-W26,OOS_RESERVED
2025-06-25,FDAX1!,long,L,-1,2025-W26,OOS_RESERVED
2025-06-25,Z1!,short,W,1,2025-W26,OOS_RESERVED
2025-06-27,EURUSD,long,W,1,2025-W26,OOS_RESERVED
2025-06-27,EURUSD,long,W,1,2025-W26,OOS_RESERVED
2025-07-01,NK2251!,long,L,-1,2025-W27,OOS_RESERVED
2025-07-01,Z1!,short,L,-1,2025-W27,OOS_RESERVED
2025-07-02,NK2251!,long,W,1,2025-W27,OOS_RESERVED
2025-07-03,NK2251!,long,L,-1,2025-W27,OOS_RESERVED
2025-07-03,NK2251!,long,W,1,2025-W27,OOS_RESERVED
2025-07-03,NK2251!,long,L,-1,2025-W27,OOS_RESERVED
2025-07-09,NQ1!,long,W,1,2025-W28,OOS_RESERVED
2025-07-09,NQ1!,long,W,1,2025-W28,OOS_RESERVED
2025-07-10,ES1!,long,W,1,2025-W28,OOS_RESERVED
2025-07-10,NK2251!,long,W,1,2025-W28,OOS_RESERVED
2025-07-16,FDAX1!,short,BE,0,2025-W29,OOS_RESERVED
2025-07-17,NQ1!,long,W,1,2025-W29,OOS_RESERVED
2025-07-17,NQ1!,long,L,-1,2025-W29,OOS_RESERVED
2025-07-21,EURUSD,short,L,-1,2025-W30,OOS_RESERVED
2025-07-21,FDAX1!,long,W,1,2025-W30,OOS_RESERVED
2025-07-21,NK2251!,long,W,1,2025-W30,OOS_RESERVED
2025-07-21,NQ1!,long,W,1,2025-W30,OOS_RESERVED
2025-07-22,ES1!,long,W,1,2025-W30,OOS_RESERVED
2025-07-24,NQ1!,short,L,-1,2025-W30,OOS_RESERVED
2025-07-25,FDAX1!,long,W,1,2025-W30,OOS_RESERVED
2025-07-27,NK2251!,long,W,1,2025-W30,OOS_RESERVED
2025-07-30,ES1!,long,L,-1,2025-W31,OOS_RESERVED
2025-07-30,FDAX1!,long,L,-1,2025-W31,OOS_RESERVED
2025-07-30,XAUUSD,short,W,1,2025-W31,OOS_RESERVED
2025-08-04,EURUSD,long,L,-1,2025-W32,OOS_RESERVED
2025-08-05,ES1!,short,W,1,2025-W32,OOS_RESERVED
2025-08-05,Z1!,short,L,-1,2025-W32,OOS_RESERVED
2025-08-06,EURUSD,long,W,1,2025-W32,OOS_RESERVED
2025-08-06,EURUSD,long,W,1,2025-W32,OOS_RESERVED
2025-08-07,XAUUSD,long,W,1,2025-W32,OOS_RESERVED
2025-08-07,XAUUSD,long,W,1,2025-W32,OOS_RESERVED
2025-08-11,EURUSD,long,L,-1,2025-W33,OOS_RESERVED
2025-08-14,NQ1!,long,L,-1,2025-W33,OOS_RESERVED
2025-08-18,FDAX1!,long,L,-1,2025-W34,OOS_RESERVED
2025-08-18,NQ1!,short,L,-1,2025-W34,OOS_RESERVED
2025-08-19,FDAX1!,long,L,-1,2025-W34,OOS_RESERVED
2025-08-19,NQ1!,short,W,1,2025-W34,OOS_RESERVED
2025-08-19,XAUUSD,short,L,-1,2025-W34,OOS_RESERVED
2025-08-19,XAUUSD,short,BE,0,2025-W34,OOS_RESERVED
2025-08-19,Z1!,long,W,1,2025-W34,OOS_RESERVED
2025-08-20,Z1!,long,W,1,2025-W34,OOS_RESERVED
2025-08-21,FDAX1!,short,BE,0,2025-W34,OOS_RESERVED
2025-08-21,XAUUSD,short,W,1,2025-W34,OOS_RESERVED
2025-08-22,XAUUSD,short,L,-1,2025-W34,OOS_RESERVED
2025-08-26,XAUUSD,long,BE,0,2025-W35,OOS_RESERVED
2025-08-27,ES1!,long,BE,0,2025-W35,OOS_RESERVED
2025-08-29,NQ1!,short,W,1,2025-W35,OOS_RESERVED
2025-08-29,NQ1!,short,W,1,2025-W35,OOS_RESERVED
2025-09-01,NQ1!,short,W,1,2025-W36,OOS_RESERVED
2025-09-02,NQ1!,short,W,1,2025-W36,OOS_RESERVED
2025-09-05,XAUUSD,long,L,-1,2025-W36,OOS_RESERVED
2025-09-08,ES1!,long,L,-1,2025-W37,OOS_RESERVED
2025-09-08,EURUSD,long,W,1,2025-W37,OOS_RESERVED
2025-09-08,EURUSD,long,W,1,2025-W37,OOS_RESERVED
2025-09-08,NQ1!,long,W,1,2025-W37,OOS_RESERVED
2025-09-09,ES1!,long,L,-1,2025-W37,OOS_RESERVED
2025-09-09,ES1!,long,W,1,2025-W37,OOS_RESERVED
2025-09-09,NQ1!,long,BE,0,2025-W37,OOS_RESERVED
2025-09-09,Z1!,long,BE,0,2025-W37,OOS_RESERVED
2025-09-09,Z1!,long,BE,0,2025-W37,OOS_RESERVED
2025-09-11,ES1!,long,W,1,2025-W37,OOS_RESERVED
2025-09-11,EURUSD,short,W,1,2025-W37,OOS_RESERVED
2025-09-11,Z1!,long,W,1,2025-W37,OOS_RESERVED
2025-09-15,XAUUSD,long,W,1,2025-W38,OOS_RESERVED
2025-09-16,FDAX1!,short,W,1,2025-W38,OOS_RESERVED
2025-09-19,ES1!,long,BE,0,2025-W38,OOS_RESERVED
2025-09-19,ES1!,long,BE,0,2025-W38,OOS_RESERVED
2025-09-22,ES1!,long,W,1,2025-W39,OOS_RESERVED
2025-09-23,FDAX1!,long,W,1,2025-W39,OOS_RESERVED
2025-09-23,NK2251!,short,W,1,2025-W39,OOS_RESERVED
2025-09-24,ES1!,long,L,-1,2025-W39,OOS_RESERVED
2025-09-24,FDAX1!,long,L,-1,2025-W39,OOS_RESERVED
2025-09-25,NK2251!,short,L,-1,2025-W39,OOS_RESERVED
2025-09-26,NK2251!,short,W,1,2025-W39,OOS_RESERVED
2025-09-26,NK2251!,short,L,-1,2025-W39,OOS_RESERVED
2025-09-30,ES1!,long,L,-1,2025-W40,OOS_RESERVED
2025-09-30,FDAX1!,long,W,1,2025-W40,OOS_RESERVED
2025-09-30,NK2251!,short,W,1,2025-W40,OOS_RESERVED
2025-09-30,NK2251!,short,W,1,2025-W40,OOS_RESERVED
2025-10-01,NK2251!,short,L,-1,2025-W40,OOS_RESERVED
2025-10-01,NK2251!,short,L,-1,2025-W40,OOS_RESERVED
2025-10-06,ES1!,long,L,-1,2025-W41,OOS_RESERVED
2025-10-07,ES1!,long,BE,0,2025-W41,OOS_RESERVED
2025-10-08,NQ1!,long,W,1,2025-W41,OOS_RESERVED
2025-10-10,NQ1!,long,L,-1,2025-W41,OOS_RESERVED
2025-10-13,EURUSD,short,W,1,2025-W42,OOS_RESERVED
2025-10-14,EURUSD,short,L,-1,2025-W42,OOS_RESERVED
2025-10-14,XAUUSD,long,W,1,2025-W42,OOS_RESERVED
2025-10-14,Z1!,short,L,-1,2025-W42,OOS_RESERVED
2025-10-14,Z1!,short,L,-1,2025-W42,OOS_RESERVED
2025-10-16,ES1!,short,L,-1,2025-W42,OOS_RESERVED
2025-10-17,FDAX1!,short,W,1,2025-W42,OOS_RESERVED
2025-10-17,NQ1!,short,W,1,2025-W42,OOS_RESERVED
2025-10-20,XAUUSD,long,W,1,2025-W43,OOS_RESERVED
2025-10-20,XAUUSD,long,W,1,2025-W43,OOS_RESERVED
2025-10-21,NQ1!,short,L,-1,2025-W43,OOS_RESERVED
2025-10-22,NQ1!,short,W,1,2025-W43,OOS_RESERVED
2025-10-23,EURUSD,short,L,-1,2025-W43,OOS_RESERVED
2025-10-27,XAUUSD,short,BE,0,2025-W44,OOS_RESERVED
2025-10-28,NK2251!,long,W,1,2025-W44,OOS_RESERVED
2025-10-30,XAUUSD,short,L,-1,2025-W44,OOS_RESERVED
2025-11-04,NQ1!,short,BE,0,2025-W45,OOS_RESERVED
2025-11-05,XAUUSD,long,W,1,2025-W45,OOS_RESERVED
2025-11-05,Z1!,long,W,1,2025-W45,OOS_RESERVED
2025-11-05,Z1!,long,BE,0,2025-W45,OOS_RESERVED
2025-11-06,FDAX1!,short,W,1,2025-W45,OOS_RESERVED
2025-11-06,NK2251!,short,W,1,2025-W45,OOS_RESERVED
2025-11-06,NQ1!,short,W,1,2025-W45,OOS_RESERVED
2025-11-06,XAUUSD,long,W,1,2025-W45,OOS_RESERVED
2025-11-07,FDAX1!,short,L,-1,2025-W45,OOS_RESERVED
2025-11-07,XAUUSD,long,W,1,2025-W45,OOS_RESERVED
2025-11-07,XAUUSD,long,W,1,2025-W45,OOS_RESERVED
2025-11-10,Z1!,long,W,1,2025-W46,OOS_RESERVED
2025-11-11,EURUSD,long,W,1,2025-W46,OOS_RESERVED
2025-11-11,NK2251!,long,L,-1,2025-W46,OOS_RESERVED
2025-11-13,EURUSD,long,W,1,2025-W46,OOS_RESERVED
2025-11-17,FDAX1!,long,L,-1,2025-W47,OOS_RESERVED
2025-11-17,FDAX1!,long,W,1,2025-W47,OOS_RESERVED
2025-11-18,EURUSD,long,L,-1,2025-W47,OOS_RESERVED
2025-11-18,EURUSD,long,AMBIG,,2025-W47,OOS_RESERVED
2025-11-18,NQ1!,short,BE,0,2025-W47,OOS_RESERVED
2025-11-20,FDAX1!,short,L,-1,2025-W47,OOS_RESERVED
2025-11-20,XAUUSD,short,L,-1,2025-W47,OOS_RESERVED
2025-11-21,XAUUSD,short,L,-1,2025-W47,OOS_RESERVED
2025-11-21,XAUUSD,short,L,-1,2025-W47,OOS_RESERVED
2025-11-25,FDAX1!,short,L,-1,2025-W48,OOS_RESERVED
2025-11-25,FDAX1!,short,L,-1,2025-W48,OOS_RESERVED
2025-11-25,NQ1!,short,W,1,2025-W48,OOS_RESERVED
2025-11-28,XAUUSD,long,BE,0,2025-W48,OOS_RESERVED
2025-11-30,EURUSD,long,BE,0,2025-W48,OOS_RESERVED
2025-12-01,ES1!,long,W,1,2025-W49,OOS_RESERVED
2025-12-01,NQ1!,long,W,1,2025-W49,OOS_RESERVED
2025-12-02,ES1!,long,W,1,2025-W49,OOS_RESERVED
2025-12-02,NK2251!,long,W,1,2025-W49,OOS_RESERVED
2025-12-02,NQ1!,long,W,1,2025-W49,OOS_RESERVED
2025-12-02,Z1!,long,W,1,2025-W49,OOS_RESERVED
2025-12-02,Z1!,long,BE,0,2025-W49,OOS_RESERVED
2025-12-03,ES1!,long,L,-1,2025-W49,OOS_RESERVED
2025-12-03,ES1!,long,L,-1,2025-W49,OOS_RESERVED
2025-12-03,XAUUSD,long,L,-1,2025-W49,OOS_RESERVED
2025-12-04,NK2251!,long,W,1,2025-W49,OOS_RESERVED
2025-12-05,XAUUSD,long,L,-1,2025-W49,OOS_RESERVED
2025-12-08,EURUSD,long,W,1,2025-W50,OOS_RESERVED
2025-12-09,FDAX1!,long,W,1,2025-W50,OOS_RESERVED
2025-12-10,NK2251!,long,L,-1,2025-W50,OOS_RESERVED
2025-12-10,NQ1!,short,BE,0,2025-W50,OOS_RESERVED
2025-12-10,XAUUSD,long,L,-1,2025-W50,OOS_RESERVED
2025-12-12,NQ1!,short,W,1,2025-W50,OOS_RESERVED
2025-12-15,NK2251!,short,W,1,2025-W51,OOS_RESERVED
2025-12-16,XAUUSD,long,L,-1,2025-W51,OOS_RESERVED
2025-12-17,ES1!,short,BE,0,2025-W51,OOS_RESERVED
2025-12-17,FDAX1!,long,L,-1,2025-W51,OOS_RESERVED
2025-12-17,XAUUSD,long,BE,0,2025-W51,OOS_RESERVED
2025-12-17,Z1!,long,W,1,2025-W51,OOS_RESERVED
2025-12-18,EURUSD,short,W,1,2025-W51,OOS_RESERVED
2025-12-18,XAUUSD,long,BE,0,2025-W51,OOS_RESERVED
2025-12-18,XAUUSD,long,BE,0,2025-W51,OOS_RESERVED
2025-12-19,EURUSD,short,L,-1,2025-W51,OOS_RESERVED
2025-12-23,NK2251!,long,BE,0,2025-W52,OOS_RESERVED
2025-12-23,Z1!,long,AMBIG,,2025-W52,OOS_RESERVED
2025-12-23,Z1!,long,W,1,2025-W52,OOS_RESERVED
2025-12-25,NK2251!,long,W,1,2025-W52,OOS_RESERVED
2025-12-29,Z1!,long,L,-1,2026-W01,OOS_RESERVED
2025-12-30,FDAX1!,long,L,-1,2026-W01,OOS_RESERVED
2025-12-30,NQ1!,long,AMBIG,,2026-W01,OOS_RESERVED
2025-12-30,Z1!,long,W,1,2026-W01,OOS_RESERVED
2026-01-06,NQ1!,short,L,-1,2026-W02,OOS_RESERVED
2026-01-07,EURUSD,short,W,1,2026-W02,OOS_RESERVED
2026-01-07,EURUSD,short,BE,0,2026-W02,OOS_RESERVED
2026-01-08,ES1!,long,L,-1,2026-W02,OOS_RESERVED
2026-01-08,EURUSD,short,L,-1,2026-W02,OOS_RESERVED
2026-01-08,EURUSD,short,W,1,2026-W02,OOS_RESERVED
2026-01-08,NQ1!,long,W,1,2026-W02,OOS_RESERVED
2026-01-09,XAUUSD,long,W,1,2026-W02,OOS_RESERVED
2026-01-09,XAUUSD,long,L,-1,2026-W02,OOS_RESERVED
2026-01-12,NQ1!,long,BE,0,2026-W03,OOS_RESERVED
2026-01-13,EURUSD,short,W,1,2026-W03,OOS_RESERVED
2026-01-13,EURUSD,short,L,-1,2026-W03,OOS_RESERVED
2026-01-14,NK2251!,long,AMBIG,,2026-W03,OOS_RESERVED
2026-01-14,Z1!,long,W,1,2026-W03,OOS_RESERVED
2026-01-15,EURUSD,short,W,1,2026-W03,OOS_RESERVED
2026-01-15,EURUSD,short,W,1,2026-W03,OOS_RESERVED
2026-01-15,NK2251!,long,L,-1,2026-W03,OOS_RESERVED
2026-01-16,ES1!,short,W,1,2026-W03,OOS_RESERVED
2026-01-16,NQ1!,short,W,1,2026-W03,OOS_RESERVED
2026-01-16,XAUUSD,short,L,-1,2026-W03,OOS_RESERVED
2026-01-16,XAUUSD,short,L,-1,2026-W03,OOS_RESERVED
2026-01-18,ES1!,short,W,1,2026-W03,OOS_RESERVED
2026-01-20,ES1!,short,W,1,2026-W04,OOS_RESERVED
2026-01-22,EURUSD,long,W,1,2026-W04,OOS_RESERVED
2026-01-22,Z1!,short,L,-1,2026-W04,OOS_RESERVED
2026-01-23,EURUSD,long,W,1,2026-W04,OOS_RESERVED
2026-01-23,FDAX1!,short,L,-1,2026-W04,OOS_RESERVED
2026-01-23,NK2251!,short,W,1,2026-W04,OOS_RESERVED
2026-01-23,NK2251!,short,W,1,2026-W04,OOS_RESERVED
2026-01-23,Z1!,short,L,-1,2026-W04,OOS_RESERVED
2026-01-26,FDAX1!,short,L,-1,2026-W05,OOS_RESERVED
2026-01-27,XAUUSD,long,W,1,2026-W05,OOS_RESERVED
2026-01-28,FDAX1!,long,L,-1,2026-W05,OOS_RESERVED
2026-01-28,Z1!,short,L,-1,2026-W05,OOS_RESERVED
2026-02-01,ES1!,short,BE,0,2026-W05,OOS_RESERVED
2026-02-04,NQ1!,short,BE,0,2026-W06,OOS_RESERVED
2026-02-04,XAUUSD,short,W,1,2026-W06,OOS_RESERVED
2026-02-04,Z1!,long,W,1,2026-W06,OOS_RESERVED
2026-02-05,XAUUSD,short,W,1,2026-W06,OOS_RESERVED
2026-02-05,XAUUSD,short,L,-1,2026-W06,OOS_RESERVED
2026-02-09,NQ1!,short,L,-1,2026-W07,OOS_RESERVED
2026-02-10,FDAX1!,short,L,-1,2026-W07,OOS_RESERVED
2026-02-10,NQ1!,short,L,-1,2026-W07,OOS_RESERVED
2026-02-13,EURUSD,short,L,-1,2026-W07,OOS_RESERVED
2026-02-13,XAUUSD,long,W,1,2026-W07,OOS_RESERVED
2026-02-13,XAUUSD,long,L,-1,2026-W07,OOS_RESERVED
2026-02-16,EURUSD,short,BE,0,2026-W08,OOS_RESERVED
2026-02-17,ES1!,short,BE,0,2026-W08,OOS_RESERVED
2026-02-17,EURUSD,short,W,1,2026-W08,OOS_RESERVED
2026-02-17,FDAX1!,short,W,1,2026-W08,OOS_RESERVED
2026-02-17,Z1!,long,W,1,2026-W08,OOS_RESERVED
2026-02-18,EURUSD,short,W,1,2026-W08,OOS_RESERVED
2026-02-19,XAUUSD,long,W,1,2026-W08,OOS_RESERVED
2026-02-19,XAUUSD,long,W,1,2026-W08,OOS_RESERVED
2026-02-20,XAUUSD,long,L,-1,2026-W08,OOS_RESERVED
2026-02-25,EURUSD,long,L,-1,2026-W09,OOS_RESERVED
2026-02-25,EURUSD,long,W,1,2026-W09,OOS_RESERVED
2026-02-25,XAUUSD,long,L,-1,2026-W09,OOS_RESERVED
2026-02-25,Z1!,long,L,-1,2026-W09,OOS_RESERVED
2026-02-26,XAUUSD,long,W,1,2026-W09,OOS_RESERVED
2026-02-27,ES1!,long,L,-1,2026-W09,OOS_RESERVED
2026-02-27,EURUSD,long,L,-1,2026-W09,OOS_RESERVED
2026-02-27,XAUUSD,long,W,1,2026-W09,OOS_RESERVED
2026-02-27,XAUUSD,long,W,1,2026-W09,OOS_RESERVED
2026-03-05,EURUSD,short,W,1,2026-W10,OOS_RESERVED
2026-03-05,EURUSD,short,L,-1,2026-W10,OOS_RESERVED
2026-03-05,XAUUSD,short,W,1,2026-W10,OOS_RESERVED
2026-03-05,XAUUSD,short,W,1,2026-W10,OOS_RESERVED
2026-03-06,ES1!,short,BE,0,2026-W10,OOS_RESERVED
2026-03-06,EURUSD,short,L,-1,2026-W10,OOS_RESERVED
2026-03-06,FDAX1!,short,BE,0,2026-W10,OOS_RESERVED
2026-03-08,EURUSD,short,BE,0,2026-W10,OOS_RESERVED
2026-03-08,EURUSD,short,W,1,2026-W10,OOS_RESERVED
2026-03-08,XAUUSD,short,L,-1,2026-W10,OOS_RESERVED
2026-03-11,ES1!,short,W,1,2026-W11,OOS_RESERVED
2026-03-11,NK2251!,short,W,1,2026-W11,OOS_RESERVED
2026-03-11,NQ1!,short,L,-1,2026-W11,OOS_RESERVED
2026-03-11,NQ1!,short,W,1,2026-W11,OOS_RESERVED
2026-03-12,ES1!,short,W,1,2026-W11,OOS_RESERVED
2026-03-12,ES1!,short,L,-1,2026-W11,OOS_RESERVED
2026-03-12,FDAX1!,short,W,1,2026-W11,OOS_RESERVED
2026-03-12,NK2251!,short,W,1,2026-W11,OOS_RESERVED
2026-03-12,NQ1!,short,L,-1,2026-W11,OOS_RESERVED
2026-03-12,Z1!,short,L,-1,2026-W11,OOS_RESERVED
2026-03-13,FDAX1!,short,L,-1,2026-W11,OOS_RESERVED
2026-03-13,NQ1!,short,L,-1,2026-W11,OOS_RESERVED
2026-03-13,XAUUSD,short,W,1,2026-W11,OOS_RESERVED
2026-03-13,Z1!,short,L,-1,2026-W11,OOS_RESERVED
2026-03-13,Z1!,short,L,-1,2026-W11,OOS_RESERVED
2026-03-18,XAUUSD,short,BE,0,2026-W12,OOS_RESERVED
2026-03-19,ES1!,short,W,1,2026-W12,OOS_RESERVED
2026-03-19,NK2251!,short,BE,0,2026-W12,OOS_RESERVED
2026-03-19,NQ1!,short,W,1,2026-W12,OOS_RESERVED
2026-03-19,Z1!,short,W,1,2026-W12,OOS_RESERVED
2026-03-20,ES1!,short,BE,0,2026-W12,OOS_RESERVED
2026-03-20,ES1!,short,W,1,2026-W12,OOS_RESERVED
2026-03-20,FDAX1!,short,W,1,2026-W12,OOS_RESERVED
2026-03-20,NK2251!,short,BE,0,2026-W12,OOS_RESERVED
2026-03-20,NQ1!,short,W,1,2026-W12,OOS_RESERVED
2026-03-20,NQ1!,short,BE,0,2026-W12,OOS_RESERVED
2026-03-24,NK2251!,short,L,-1,2026-W13,OOS_RESERVED
2026-03-25,ES1!,short,L,-1,2026-W13,OOS_RESERVED
2026-03-25,NK2251!,short,L,-1,2026-W13,OOS_RESERVED
2026-03-25,NQ1!,short,W,1,2026-W13,OOS_RESERVED
2026-03-25,XAUUSD,short,L,-1,2026-W13,OOS_RESERVED
2026-03-25,XAUUSD,short,W,1,2026-W13,OOS_RESERVED
2026-03-26,ES1!,short,W,1,2026-W13,OOS_RESERVED
2026-03-26,NK2251!,short,W,1,2026-W13,OOS_RESERVED
2026-03-26,NQ1!,short,W,1,2026-W13,OOS_RESERVED
2026-03-26,XAUUSD,short,W,1,2026-W13,OOS_RESERVED
2026-03-26,XAUUSD,short,L,-1,2026-W13,OOS_RESERVED
2026-03-26,XAUUSD,short,L,-1,2026-W13,OOS_RESERVED
2026-03-27,ES1!,short,W,1,2026-W13,OOS_RESERVED
2026-03-27,EURUSD,long,L,-1,2026-W13,OOS_RESERVED
2026-03-27,NK2251!,short,W,1,2026-W13,OOS_RESERVED
2026-03-30,XAUUSD,short,L,-1,2026-W14,OOS_RESERVED
2026-03-31,EURUSD,short,L,-1,2026-W14,OOS_RESERVED
2026-04-02,ES1!,short,L,-1,2026-W14,OOS_RESERVED
2026-04-02,EURUSD,short,W,1,2026-W14,OOS_RESERVED
2026-04-02,XAUUSD,long,W,1,2026-W14,OOS_RESERVED
2026-04-05,ES1!,short,L,-1,2026-W14,OOS_RESERVED
2026-04-06,NK2251!,long,L,-1,2026-W15,OOS_RESERVED
2026-04-06,NK2251!,long,W,1,2026-W15,OOS_RESERVED
2026-04-06,NK2251!,long,L,-1,2026-W15,OOS_RESERVED
2026-04-06,NQ1!,long,BE,0,2026-W15,OOS_RESERVED
2026-04-06,XAUUSD,long,W,1,2026-W15,OOS_RESERVED
2026-04-07,FDAX1!,long,L,-1,2026-W15,OOS_RESERVED
2026-04-07,NK2251!,long,W,1,2026-W15,OOS_RESERVED
2026-04-07,XAUUSD,long,W,1,2026-W15,OOS_RESERVED
2026-04-08,FDAX1!,long,W,1,2026-W15,OOS_RESERVED
2026-04-09,ES1!,long,W,1,2026-W15,OOS_RESERVED
2026-04-09,XAUUSD,long,W,1,2026-W15,OOS_RESERVED
2026-04-10,FDAX1!,long,L,-1,2026-W15,OOS_RESERVED
2026-04-10,Z1!,long,L,-1,2026-W15,OOS_RESERVED
2026-04-13,XAUUSD,long,L,-1,2026-W16,OOS_RESERVED
2026-04-14,XAUUSD,long,W,1,2026-W16,OOS_RESERVED
2026-04-14,XAUUSD,long,W,1,2026-W16,OOS_RESERVED
2026-04-15,XAUUSD,long,BE,0,2026-W16,OOS_RESERVED
2026-04-15,XAUUSD,long,W,1,2026-W16,OOS_RESERVED
2026-04-15,Z1!,short,W,1,2026-W16,OOS_RESERVED
2026-04-17,XAUUSD,long,L,-1,2026-W16,OOS_RESERVED
2026-04-17,Z1!,short,L,-1,2026-W16,OOS_RESERVED
2026-04-21,XAUUSD,short,W,1,2026-W17,OOS_RESERVED
2026-04-22,FDAX1!,short,W,1,2026-W17,OOS_RESERVED
2026-04-22,NQ1!,long,W,1,2026-W17,OOS_RESERVED
2026-04-23,ES1!,long,L,-1,2026-W17,OOS_RESERVED
2026-04-23,XAUUSD,short,L,-1,2026-W17,OOS_RESERVED
2026-04-27,XAUUSD,short,W,1,2026-W18,OOS_RESERVED
2026-04-28,XAUUSD,short,W,1,2026-W18,OOS_RESERVED
2026-04-29,FDAX1!,short,BE,0,2026-W18,OOS_RESERVED
2026-05-01,XAUUSD,short,W,1,2026-W18,OOS_RESERVED
2026-05-04,XAUUSD,short,BE,0,2026-W19,OOS_RESERVED
2026-05-05,EURUSD,long,W,1,2026-W19,OOS_RESERVED
2026-05-05,NQ1!,long,W,1,2026-W19,OOS_RESERVED
2026-05-06,EURUSD,long,W,1,2026-W19,OOS_RESERVED
2026-05-11,EURUSD,long,L,-1,2026-W20,OOS_RESERVED
2026-05-11,EURUSD,long,W,1,2026-W20,OOS_RESERVED
2026-05-11,XAUUSD,long,W,1,2026-W20,OOS_RESERVED
2026-05-11,XAUUSD,long,BE,0,2026-W20,OOS_RESERVED
2026-05-11,Z1!,long,L,-1,2026-W20,OOS_RESERVED
2026-05-11,Z1!,long,L,-1,2026-W20,OOS_RESERVED
2026-05-13,EURUSD,long,L,-1,2026-W20,OOS_RESERVED
2026-05-13,FDAX1!,short,L,-1,2026-W20,OOS_RESERVED
2026-05-14,XAUUSD,short,L,-1,2026-W20,OOS_RESERVED
2026-05-15,NK2251!,short,W,1,2026-W20,OOS_RESERVED
2026-05-18,ES1!,long,W,1,2026-W21,OOS_RESERVED
2026-05-20,FDAX1!,long,W,1,2026-W21,OOS_RESERVED
2026-05-21,EURUSD,short,W,1,2026-W21,OOS_RESERVED
2026-05-21,EURUSD,short,W,1,2026-W21,OOS_RESERVED
2026-05-22,XAUUSD,short,L,-1,2026-W21,OOS_RESERVED
2026-05-22,XAUUSD,short,L,-1,2026-W21,OOS_RESERVED
2026-05-27,ES1!,long,W,1,2026-W22,OOS_RESERVED
2026-05-27,EURUSD,long,BE,0,2026-W22,OOS_RESERVED
2026-05-27,XAUUSD,short,W,1,2026-W22,OOS_RESERVED
2026-05-28,NK2251!,long,W,1,2026-W22,OOS_RESERVED
2026-05-29,FDAX1!,short,L,-1,2026-W22,OOS_RESERVED
2026-05-29,FDAX1!,short,L,-1,2026-W22,OOS_RESERVED
2026-05-29,NQ1!,long,W,1,2026-W22,OOS_RESERVED
2026-06-01,NK2251!,long,W,1,2026-W23,OOS_RESERVED
2026-06-02,XAUUSD,long,L,-1,2026-W23,OOS_RESERVED
2026-06-03,Z1!,short,BE,0,2026-W23,OOS_RESERVED
2026-06-03,Z1!,short,L,-1,2026-W23,OOS_RESERVED
2026-06-03,Z1!,short,BE,0,2026-W23,OOS_RESERVED
2026-06-05,EURUSD,short,W,1,2026-W23,OOS_RESERVED
2026-06-05,NK2251!,long,L,-1,2026-W23,OOS_RESERVED
2026-06-05,NQ1!,long,L,-1,2026-W23,OOS_RESERVED
2026-06-09,Z1!,short,W,1,2026-W24,OOS_RESERVED
2026-06-09,Z1!,short,W,1,2026-W24,OOS_RESERVED
2026-06-10,NK2251!,short,W,1,2026-W24,OOS_RESERVED
2026-06-16,EURUSD,long,L,-1,2026-W25,OOS_RESERVED
2026-06-17,FDAX1!,long,L,-1,2026-W25,OOS_RESERVED
2026-06-18,FDAX1!,long,W,1,2026-W25,OOS_RESERVED
2026-06-18,NQ1!,long,W,1,2026-W25,OOS_RESERVED
2026-06-18,XAUUSD,short,W,1,2026-W25,OOS_RESERVED
2026-06-19,NQ1!,long,L,-1,2026-W25,OOS_RESERVED
2026-06-21,ES1!,short,L,-1,2026-W25,OOS_RESERVED
2026-06-21,XAUUSD,short,L,-1,2026-W25,OOS_RESERVED
2026-06-22,ES1!,short,W,1,2026-W26,OOS_RESERVED
2026-06-22,NK2251!,long,W,1,2026-W26,OOS_RESERVED
2026-06-22,NQ1!,long,L,-1,2026-W26,OOS_RESERVED
2026-06-22,XAUUSD,short,W,1,2026-W26,OOS_RESERVED
2026-06-23,EURUSD,short,L,-1,2026-W26,OOS_RESERVED
2026-06-23,EURUSD,short,W,1,2026-W26,OOS_RESERVED
2026-06-23,XAUUSD,short,W,1,2026-W26,OOS_RESERVED
2026-06-23,XAUUSD,short,W,1,2026-W26,OOS_RESERVED
2026-06-23,XAUUSD,short,W,1,2026-W26,OOS_RESERVED
2026-06-25,XAUUSD,short,W,1,2026-W26,OOS_RESERVED
2026-06-26,FDAX1!,short,BE,0,2026-W26,OOS_RESERVED
2026-06-26,NK2251!,short,W,1,2026-W26,OOS_RESERVED
2026-06-29,NK2251!,short,BE,0,2026-W27,OOS_RESERVED
2026-06-29,XAUUSD,short,W,1,2026-W27,OOS_RESERVED
2026-06-29,XAUUSD,short,W,1,2026-W27,OOS_RESERVED
2026-06-30,NQ1!,short,L,-1,2026-W27,OOS_RESERVED
2026-06-30,XAUUSD,short,W,1,2026-W27,OOS_RESERVED
2026-06-30,XAUUSD,short,W,1,2026-W27,OOS_RESERVED
2026-06-30,Z1!,long,W,1,2026-W27,OOS_RESERVED
2026-07-01,EURUSD,short,W,1,2026-W27,OOS_RESERVED
2026-07-02,Z1!,long,W,1,2026-W27,OOS_RESERVED
2026-07-06,EURUSD,short,W,1,2026-W28,OOS_RESERVED
2026-07-06,EURUSD,short,L,-1,2026-W28,OOS_RESERVED
2026-07-07,EURUSD,short,W,1,2026-W28,OOS_RESERVED
2026-07-07,EURUSD,short,L,-1,2026-W28,OOS_RESERVED
2026-07-07,NK2251!,short,W,1,2026-W28,OOS_RESERVED
2026-07-07,NK2251!,short,L,-1,2026-W28,OOS_RESERVED
2026-07-07,XAUUSD,short,W,1,2026-W28,OOS_RESERVED
2026-07-08,EURUSD,short,L,-1,2026-W28,OOS_RESERVED
2026-07-09,XAUUSD,short,L,-1,2026-W28,OOS_RESERVED
2026-07-10,NQ1!,short,L,-1,2026-W28,OOS_RESERVED
2026-07-10,XAUUSD,short,W,1,2026-W28,OOS_RESERVED
2026-07-12,EURUSD,short,L,-1,2026-W28,OOS_RESERVED
2026-07-13,EURUSD,short,L,-1,2026-W29,OOS_RESERVED
2026-07-13,FDAX1!,short,BE,0,2026-W29,OOS_RESERVED
2026-07-13,NQ1!,short,L,-1,2026-W29,OOS_RESERVED
2026-07-14,Z1!,short,L,-1,2026-W29,OOS_RESERVED
2026-07-15,EURUSD,short,L,-1,2026-W29,OOS_RESERVED
2026-07-15,XAUUSD,short,W,1,2026-W29,OOS_RESERVED
2026-07-16,FDAX1!,long,L,-1,2026-W29,OOS_RESERVED
2026-07-16,NQ1!,short,W,1,2026-W29,OOS_RESERVED
2026-07-16,NQ1!,short,W,1,2026-W29,OOS_RESERVED
2026-07-16,XAUUSD,short,BE,0,2026-W29,OOS_RESERVED
2026-07-16,Z1!,long,W,1,2026-W29,OOS_RESERVED
2026-07-17,ES1!,short,L,-1,2026-W29,OOS_RESERVED
2026-07-17,EURUSD,long,L,-1,2026-W29,OOS_RESERVED
2026-07-20,FDAX1!,short,L,-1,2026-W30,OOS_RESERVED
2026-07-21,ES1!,short,L,-1,2026-W30,OOS_RESERVED
2026-07-21,Z1!,long,W,1,2026-W30,OOS_RESERVED
2026-07-22,Z1!,long,W,1,2026-W30,OOS_RESERVED
2026-07-23,NK2251!,short,W,1,2026-W30,OOS_RESERVED
2026-07-23,NK2251!,short,W,1,2026-W30,OOS_RESERVED
2026-07-23,NQ1!,short,W,1,2026-W30,OOS_RESERVED
2026-07-24,NK2251!,short,AMBIG,,2026-W30,OOS_RESERVED
2026-07-24,NQ1!,short,BE,0,2026-W30,OOS_RESERVED
2026-07-24,NQ1!,short,BE,0,2026-W30,OOS_RESERVED
2026-07-27,NK2251!,short,W,1,2026-W31,OOS_RESERVED
2026-07-27,NK2251!,short,W,1,2026-W31,OOS_RESERVED
2026-07-28,EURUSD,short,BE,0,2026-W31,OOS_RESERVED
2026-07-29,ES1!,short,W,1,2026-W31,OOS_RESERVED
2026-07-29,ES1!,short,BE,0,2026-W31,OOS_RESERVED
2026-07-29,NQ1!,short,BE,0,2026-W31,OOS_RESERVED
2026-08-04,EURUSD,long,L,-1,2026-W32,OOS_RESERVED
2026-08-07,ES1!,long,W,1,2026-W32,OOS_RESERVED
2026-08-07,EURUSD,long,W,1,2026-W32,OOS_RESERVED
2026-08-07,FDAX1!,short,L,-1,2026-W32,OOS_RESERVED
2026-08-10,ES1!,long,L,-1,2026-W33,OOS_RESERVED
2026-08-10,NK2251!,long,BE,0,2026-W33,OOS_RESERVED
2026-08-10,XAUUSD,long,W,1,2026-W33,OOS_RESERVED
2026-08-11,ES1!,long,L,-1,2026-W33,OOS_RESERVED
2026-08-11,ES1!,long,L,-1,2026-W33,OOS_RESERVED
2026-08-11,FDAX1!,long,L,-1,2026-W33,OOS_RESERVED
2026-08-11,NQ1!,long,L,-1,2026-W33,OOS_RESERVED
2026-08-16,XAUUSD,short,L,-1,2026-W33,OOS_RESERVED
2026-08-17,NK2251!,long,L,-1,2026-W34,OOS_RESERVED
2026-08-18,EURUSD,long,AMBIG,,2026-W34,OOS_RESERVED
2026-08-19,EURUSD,long,W,1,2026-W34,OOS_RESERVED
2026-08-20,Z1!,short,W,1,2026-W34,OOS_RESERVED
